
  .   ____          _            __ _ _
 /\\ / ___'_ __ _ _(_)_ __  __ _ \ \ \ \
( ( )\___ | '_ | '_| | '_ \/ _` | \ \ \ \
 \\/  ___)| |_)| | | | | || (_| |  ) ) ) )
  '  |____| .__|_| |_|_| |_\__, | / / / /
 =========|_|==============|___/=/_/_/_/

 :: Spring Boot ::                (v3.4.3)

2026-10-07T08:18:28.174+07:00  INFO 5216 --- [lab4-orchid-api] [           main] com.example.orchid.OrchidApplication     : Starting OrchidApplication v0.0.1-SNAPSHOT using Java 21.0.11 with PID 5216 (H:\Code Java\SBA301\lab4\target\lab4-orchid-api-0.0.1-SNAPSHOT.jar started by ADMIN in H:\Code Java\SBA301\lab4)
2026-10-07T08:18:28.175+07:00  INFO 5216 --- [lab4-orchid-api] [           main] com.example.orchid.OrchidApplication     : No active profile set, falling back to 1 default profile: "default"
2026-10-07T08:18:28.175+07:00 DEBUG 5216 --- [lab4-orchid-api] [           main] o.s.boot.SpringApplication               : Loading source class com.example.orchid.OrchidApplication
2026-10-07T08:18:28.231+07:00 DEBUG 5216 --- [lab4-orchid-api] [           main] ConfigServletWebServerApplicationContext : Refreshing org.springframework.boot.web.servlet.context.AnnotationConfigServletWebServerApplicationContext@25f4878b
2026-10-07T08:18:28.625+07:00 DEBUG 5216 --- [lab4-orchid-api] [           main] ySourcesPropertyResolver$DefaultResolver : Found key 'DB_URL' in PropertySource 'systemEnvironment' with value of type String
2026-10-07T08:18:28.921+07:00  INFO 5216 --- [lab4-orchid-api] [           main] .s.d.r.c.RepositoryConfigurationDelegate : Bootstrapping Spring Data JPA repositories in DEFAULT mode.
2026-10-07T08:18:28.941+07:00 DEBUG 5216 --- [lab4-orchid-api] [           main] o.s.b.a.AutoConfigurationPackages        : @EnableAutoConfiguration was declared on a class in the package 'com.example.orchid'. Automatic @Repository and @Entity scanning is enabled.
2026-10-07T08:18:28.989+07:00  INFO 5216 --- [lab4-orchid-api] [           main] .s.d.r.c.RepositoryConfigurationDelegate : Finished Spring Data repository scanning in 58 ms. Found 2 JPA repository interfaces.
2026-10-07T08:18:29.620+07:00 DEBUG 5216 --- [lab4-orchid-api] [           main] .s.b.w.e.t.TomcatServletWebServerFactory : Code archive: H:\Code Java\SBA301\lab4\target\lab4-orchid-api-0.0.1-SNAPSHOT.jar
2026-10-07T08:18:29.627+07:00 DEBUG 5216 --- [lab4-orchid-api] [           main] .s.b.w.e.t.TomcatServletWebServerFactory : Code archive: H:\Code Java\SBA301\lab4\target\lab4-orchid-api-0.0.1-SNAPSHOT.jar
2026-10-07T08:18:29.628+07:00 DEBUG 5216 --- [lab4-orchid-api] [           main] .s.b.w.e.t.TomcatServletWebServerFactory : None of the document roots [src/main/webapp, public, static] point to a directory and will be ignored.
2026-10-07T08:18:29.662+07:00  INFO 5216 --- [lab4-orchid-api] [           main] o.s.b.w.embedded.tomcat.TomcatWebServer  : Tomcat initialized with port 8080 (http)
2026-10-07T08:18:29.677+07:00  INFO 5216 --- [lab4-orchid-api] [           main] o.apache.catalina.core.StandardService   : Starting service [Tomcat]
2026-10-07T08:18:29.677+07:00  INFO 5216 --- [lab4-orchid-api] [           main] o.apache.catalina.core.StandardEngine    : Starting Servlet engine: [Apache Tomcat/10.1.36]
2026-10-07T08:18:29.705+07:00  INFO 5216 --- [lab4-orchid-api] [           main] o.a.c.c.C.[Tomcat].[localhost].[/]       : Initializing Spring embedded WebApplicationContext
2026-10-07T08:18:29.706+07:00 DEBUG 5216 --- [lab4-orchid-api] [           main] w.s.c.ServletWebServerApplicationContext : Published root WebApplicationContext as ServletContext attribute with name [org.springframework.web.context.WebApplicationContext.ROOT]
2026-10-07T08:18:29.707+07:00  INFO 5216 --- [lab4-orchid-api] [           main] w.s.c.ServletWebServerApplicationContext : Root WebApplicationContext: initialization completed in 1475 ms
2026-10-07T08:18:29.739+07:00 DEBUG 5216 --- [lab4-orchid-api] [           main] o.s.b.w.s.ServletContextInitializerBeans : Mapping filters: characterEncodingFilter urls=[/*] order=-2147483648, formContentFilter urls=[/*] order=-9900, requestContextFilter urls=[/*] order=-105
2026-10-07T08:18:29.740+07:00 DEBUG 5216 --- [lab4-orchid-api] [           main] o.s.b.w.s.ServletContextInitializerBeans : Mapping servlets: dispatcherServlet urls=[/]
2026-10-07T08:18:29.774+07:00 DEBUG 5216 --- [lab4-orchid-api] [           main] o.s.b.w.s.f.OrderedRequestContextFilter  : Filter 'requestContextFilter' configured for use
2026-10-07T08:18:29.776+07:00 DEBUG 5216 --- [lab4-orchid-api] [           main] s.b.w.s.f.OrderedCharacterEncodingFilter : Filter 'characterEncodingFilter' configured for use
2026-10-07T08:18:29.776+07:00 DEBUG 5216 --- [lab4-orchid-api] [           main] o.s.b.w.s.f.OrderedFormContentFilter     : Filter 'formContentFilter' configured for use
2026-10-07T08:18:29.785+07:00 DEBUG 5216 --- [lab4-orchid-api] [           main] ySourcesPropertyResolver$DefaultResolver : Found key 'DB_URL' in PropertySource 'systemEnvironment' with value of type String
2026-10-07T08:18:30.045+07:00  INFO 5216 --- [lab4-orchid-api] [           main] o.hibernate.jpa.internal.util.LogHelper  : HHH000204: Processing PersistenceUnitInfo [name: default]
2026-10-07T08:18:30.155+07:00  INFO 5216 --- [lab4-orchid-api] [           main] org.hibernate.Version                    : HHH000412: Hibernate ORM core version 6.6.8.Final
2026-10-07T08:18:30.215+07:00  INFO 5216 --- [lab4-orchid-api] [           main] o.h.c.internal.RegionFactoryInitiator    : HHH000026: Second-level cache disabled
2026-10-07T08:18:30.615+07:00  INFO 5216 --- [lab4-orchid-api] [           main] o.s.o.j.p.SpringPersistenceUnitInfo      : No LoadTimeWeaver setup: ignoring JPA class transformer
2026-10-07T08:18:30.661+07:00  INFO 5216 --- [lab4-orchid-api] [           main] com.zaxxer.hikari.HikariDataSource       : HikariPool-1 - Starting...
2026-10-07T08:18:31.128+07:00  INFO 5216 --- [lab4-orchid-api] [           main] com.zaxxer.hikari.pool.HikariPool        : HikariPool-1 - Added connection ConnectionID:1 ClientConnectionId: f9390cd1-c1db-4c36-a76a-acf91d4770c9
2026-10-07T08:18:31.130+07:00  INFO 5216 --- [lab4-orchid-api] [           main] com.zaxxer.hikari.HikariDataSource       : HikariPool-1 - Start completed.
2026-10-07T08:18:31.262+07:00  INFO 5216 --- [lab4-orchid-api] [           main] org.hibernate.orm.connections.pooling    : HHH10001005: Database info:
	Database JDBC URL [Connecting through datasource 'HikariDataSource (HikariPool-1)']
	Database driver: undefined/unknown
	Database version: 16.0
	Autocommit mode: undefined/unknown
	Isolation level: undefined/unknown
	Minimum pool size: undefined/unknown
	Maximum pool size: undefined/unknown
2026-10-07T08:18:32.363+07:00  INFO 5216 --- [lab4-orchid-api] [           main] o.h.e.t.j.p.i.JtaPlatformInitiator       : HHH000489: No JTA platform available (set 'hibernate.transaction.jta.platform' to enable JTA platform integration)
2026-10-07T08:18:32.901+07:00 DEBUG 5216 --- [lab4-orchid-api] [           main] org.hibernate.SQL                        : 
    create table orchid_categories (
        category_id bigint identity not null,
        category_name varchar(100) not null,
        primary key (category_id)
    )
Hibernate: 
    create table orchid_categories (
        category_id bigint identity not null,
        category_name varchar(100) not null,
        primary key (category_id)
    )
2026-10-07T08:18:32.908+07:00 DEBUG 5216 --- [lab4-orchid-api] [           main] org.hibernate.SQL                        : 
    create table orchids (
        orchid_id bigint identity not null,
        is_attractive bit,
        is_natural bit,
        orchid_description varchar(1000),
        orchid_name varchar(150) not null,
        orchid_url varchar(255),
        category_id bigint not null,
        primary key (orchid_id)
    )
Hibernate: 
    create table orchids (
        orchid_id bigint identity not null,
        is_attractive bit,
        is_natural bit,
        orchid_description varchar(1000),
        orchid_name varchar(150) not null,
        orchid_url varchar(255),
        category_id bigint not null,
        primary key (orchid_id)
    )
2026-10-07T08:18:32.912+07:00 DEBUG 5216 --- [lab4-orchid-api] [           main] org.hibernate.SQL                        : 
    alter table orchid_categories 
       drop constraint if exists UKfkiy8fm5oy2wjtcrfdyipv6og
Hibernate: 
    alter table orchid_categories 
       drop constraint if exists UKfkiy8fm5oy2wjtcrfdyipv6og
2026-10-07T08:18:32.915+07:00 DEBUG 5216 --- [lab4-orchid-api] [           main] org.hibernate.SQL                        : 
    alter table orchid_categories 
       add constraint UKfkiy8fm5oy2wjtcrfdyipv6og unique (category_name)
Hibernate: 
    alter table orchid_categories 
       add constraint UKfkiy8fm5oy2wjtcrfdyipv6og unique (category_name)
2026-10-07T08:18:32.918+07:00 DEBUG 5216 --- [lab4-orchid-api] [           main] org.hibernate.SQL                        : 
    alter table orchids 
       add constraint FK1nau98c2g1u4qk2nx7fmj0dt5 
       foreign key (category_id) 
       references orchid_categories
Hibernate: 
    alter table orchids 
       add constraint FK1nau98c2g1u4qk2nx7fmj0dt5 
       foreign key (category_id) 
       references orchid_categories
2026-10-07T08:18:32.921+07:00  INFO 5216 --- [lab4-orchid-api] [           main] j.LocalContainerEntityManagerFactoryBean : Initialized JPA EntityManagerFactory for persistence unit 'default'
2026-10-07T08:18:33.831+07:00 DEBUG 5216 --- [lab4-orchid-api] [           main] s.w.s.m.m.a.RequestMappingHandlerMapping : 7 mappings in 'requestMappingHandlerMapping'
2026-10-07T08:18:33.967+07:00 DEBUG 5216 --- [lab4-orchid-api] [           main] o.s.w.s.handler.SimpleUrlHandlerMapping  : Patterns [/webjars/**, /**] in 'resourceHandlerMapping'
2026-10-07T08:18:34.038+07:00 DEBUG 5216 --- [lab4-orchid-api] [           main] s.w.s.m.m.a.RequestMappingHandlerAdapter : ControllerAdvice beans: 0 @ModelAttribute, 0 @InitBinder, 1 RequestBodyAdvice, 1 ResponseBodyAdvice
2026-10-07T08:18:34.163+07:00 DEBUG 5216 --- [lab4-orchid-api] [           main] .m.m.a.ExceptionHandlerExceptionResolver : ControllerAdvice beans: 0 @ExceptionHandler, 1 ResponseBodyAdvice
2026-10-07T08:18:34.410+07:00  INFO 5216 --- [lab4-orchid-api] [           main] o.s.b.w.embedded.tomcat.TomcatWebServer  : Tomcat started on port 8080 (http) with context path '/'
2026-10-07T08:18:34.431+07:00 DEBUG 5216 --- [lab4-orchid-api] [           main] .s.b.a.l.ConditionEvaluationReportLogger : 


============================
CONDITIONS EVALUATION REPORT
============================


Positive matches:
-----------------

   AopAutoConfiguration matched:
      - @ConditionalOnProperty (spring.aop.auto=true) matched (OnPropertyCondition)

   AopAutoConfiguration.AspectJAutoProxyingConfiguration matched:
      - @ConditionalOnClass found required class 'org.aspectj.weaver.Advice' (OnClassCondition)

   AopAutoConfiguration.AspectJAutoProxyingConfiguration.CglibAutoProxyConfiguration matched:
      - @ConditionalOnProperty (spring.aop.proxy-target-class=true) matched (OnPropertyCondition)

   ApplicationAvailabilityAutoConfiguration#applicationAvailability matched:
      - @ConditionalOnMissingBean (types: org.springframework.boot.availability.ApplicationAvailability; SearchStrategy: all) did not find any beans (OnBeanCondition)

   DataSourceAutoConfiguration matched:
      - @ConditionalOnClass found required classes 'javax.sql.DataSource', 'org.springframework.jdbc.datasource.embedded.EmbeddedDatabaseType' (OnClassCondition)
      - @ConditionalOnMissingBean (types: io.r2dbc.spi.ConnectionFactory; SearchStrategy: all) did not find any beans (OnBeanCondition)

   DataSourceAutoConfiguration.PooledDataSourceConfiguration matched:
      - AnyNestedCondition 1 matched 1 did not; NestedCondition on DataSourceAutoConfiguration.PooledDataSourceCondition.PooledDataSourceAvailable PooledDataSource found supported DataSource; NestedCondition on DataSourceAutoConfiguration.PooledDataSourceCondition.ExplicitType @ConditionalOnProperty (spring.datasource.type) did not find property 'type' (DataSourceAutoConfiguration.PooledDataSourceCondition)
      - @ConditionalOnMissingBean (types: javax.sql.DataSource,javax.sql.XADataSource; SearchStrategy: all) did not find any beans (OnBeanCondition)

   DataSourceAutoConfiguration.PooledDataSourceConfiguration#jdbcConnectionDetails matched:
      - @ConditionalOnMissingBean (types: org.springframework.boot.autoconfigure.jdbc.JdbcConnectionDetails; SearchStrategy: all) did not find any beans (OnBeanCondition)

   DataSourceConfiguration.Hikari matched:
      - @ConditionalOnClass found required class 'com.zaxxer.hikari.HikariDataSource' (OnClassCondition)
      - @ConditionalOnProperty (spring.datasource.type=com.zaxxer.hikari.HikariDataSource) matched (OnPropertyCondition)
      - @ConditionalOnMissingBean (types: javax.sql.DataSource; SearchStrategy: all) did not find any beans (OnBeanCondition)

   DataSourceInitializationConfiguration matched:
      - @ConditionalOnClass found required class 'org.springframework.jdbc.datasource.init.DatabasePopulator' (OnClassCondition)
      - @ConditionalOnSingleCandidate (types: javax.sql.DataSource; SearchStrategy: all) found a single bean 'dataSource'; @ConditionalOnMissingBean (types: org.springframework.boot.autoconfigure.sql.init.SqlDataSourceScriptDatabaseInitializer,org.springframework.boot.autoconfigure.sql.init.SqlR2dbcScriptDatabaseInitializer; SearchStrategy: all) did not find any beans (OnBeanCondition)

   DataSourceJmxConfiguration matched:
      - @ConditionalOnProperty (spring.jmx.enabled=true) matched (OnPropertyCondition)

   DataSourceJmxConfiguration.Hikari matched:
      - @ConditionalOnClass found required class 'com.zaxxer.hikari.HikariDataSource' (OnClassCondition)
      - @ConditionalOnSingleCandidate (types: javax.sql.DataSource; SearchStrategy: all) found a single bean 'dataSource' (OnBeanCondition)

   DataSourcePoolMetadataProvidersConfiguration.HikariPoolDataSourceMetadataProviderConfiguration matched:
      - @ConditionalOnClass found required class 'com.zaxxer.hikari.HikariDataSource' (OnClassCondition)

   DataSourceTransactionManagerAutoConfiguration matched:
      - @ConditionalOnClass found required classes 'javax.sql.DataSource', 'org.springframework.jdbc.core.JdbcTemplate', 'org.springframework.transaction.TransactionManager' (OnClassCondition)

   DataSourceTransactionManagerAutoConfiguration.JdbcTransactionManagerConfiguration matched:
      - @ConditionalOnSingleCandidate (types: javax.sql.DataSource; SearchStrategy: all) found a single bean 'dataSource' (OnBeanCondition)

   DispatcherServletAutoConfiguration matched:
      - @ConditionalOnClass found required class 'org.springframework.web.servlet.DispatcherServlet' (OnClassCondition)
      - found 'session' scope (OnWebApplicationCondition)

   DispatcherServletAutoConfiguration.DispatcherServletConfiguration matched:
      - @ConditionalOnClass found required class 'jakarta.servlet.ServletRegistration' (OnClassCondition)
      - Default DispatcherServlet did not find dispatcher servlet beans (DispatcherServletAutoConfiguration.DefaultDispatcherServletCondition)

   DispatcherServletAutoConfiguration.DispatcherServletRegistrationConfiguration matched:
      - @ConditionalOnClass found required class 'jakarta.servlet.ServletRegistration' (OnClassCondition)
      - DispatcherServlet Registration did not find servlet registration bean (DispatcherServletAutoConfiguration.DispatcherServletRegistrationCondition)

   DispatcherServletAutoConfiguration.DispatcherServletRegistrationConfiguration#dispatcherServletRegistration matched:
      - @ConditionalOnBean (names: dispatcherServlet types: org.springframework.web.servlet.DispatcherServlet; SearchStrategy: all) found bean 'dispatcherServlet' (OnBeanCondition)

   EmbeddedWebServerFactoryCustomizerAutoConfiguration matched:
      - @ConditionalOnWebApplication (required) found 'session' scope (OnWebApplicationCondition)
      - @ConditionalOnWarDeployment the application is not deployed as a WAR file. (OnWarDeploymentCondition)

   EmbeddedWebServerFactoryCustomizerAutoConfiguration.TomcatWebServerFactoryCustomizerConfiguration matched:
      - @ConditionalOnClass found required classes 'org.apache.catalina.startup.Tomcat', 'org.apache.coyote.UpgradeProtocol' (OnClassCondition)

   ErrorMvcAutoConfiguration matched:
      - @ConditionalOnClass found required classes 'jakarta.servlet.Servlet', 'org.springframework.web.servlet.DispatcherServlet' (OnClassCondition)
      - found 'session' scope (OnWebApplicationCondition)

   ErrorMvcAutoConfiguration#basicErrorController matched:
      - @ConditionalOnMissingBean (types: org.springframework.boot.web.servlet.error.ErrorController; SearchStrategy: current) did not find any beans (OnBeanCondition)

   ErrorMvcAutoConfiguration#errorAttributes matched:
      - @ConditionalOnMissingBean (types: org.springframework.boot.web.servlet.error.ErrorAttributes; SearchStrategy: current) did not find any beans (OnBeanCondition)

   ErrorMvcAutoConfiguration.DefaultErrorViewResolverConfiguration#conventionErrorViewResolver matched:
      - @ConditionalOnBean (types: org.springframework.web.servlet.DispatcherServlet; SearchStrategy: all) found bean 'dispatcherServlet'; @ConditionalOnMissingBean (types: org.springframework.boot.autoconfigure.web.servlet.error.ErrorViewResolver; SearchStrategy: all) did not find any beans (OnBeanCondition)

   ErrorMvcAutoConfiguration.WhitelabelErrorViewConfiguration matched:
      - @ConditionalOnProperty (server.error.whitelabel.enabled) matched (OnPropertyCondition)
      - ErrorTemplate Missing did not find error template view (ErrorMvcAutoConfiguration.ErrorTemplateMissingCondition)

   ErrorMvcAutoConfiguration.WhitelabelErrorViewConfiguration#beanNameViewResolver matched:
      - @ConditionalOnMissingBean (types: org.springframework.web.servlet.view.BeanNameViewResolver; SearchStrategy: all) did not find any beans (OnBeanCondition)

   ErrorMvcAutoConfiguration.WhitelabelErrorViewConfiguration#defaultErrorView matched:
      - @ConditionalOnMissingBean (names: error; SearchStrategy: all) did not find any beans (OnBeanCondition)

   GenericCacheConfiguration matched:
      - Cache org.springframework.boot.autoconfigure.cache.GenericCacheConfiguration automatic cache type (CacheCondition)

   HibernateJpaAutoConfiguration matched:
      - @ConditionalOnClass found required classes 'org.springframework.orm.jpa.LocalContainerEntityManagerFactoryBean', 'jakarta.persistence.EntityManager', 'org.hibernate.engine.spi.SessionImplementor' (OnClassCondition)

   HibernateJpaConfiguration matched:
      - @ConditionalOnSingleCandidate (types: javax.sql.DataSource; SearchStrategy: all) found a single bean 'dataSource' (OnBeanCondition)

   HttpClientAutoConfiguration matched:
      - @ConditionalOnClass found required class 'org.springframework.http.client.ClientHttpRequestFactory' (OnClassCondition)
      - NoneNestedConditions 0 matched 1 did not; NestedCondition on NotReactiveWebApplicationCondition.ReactiveWebApplication did not find reactive web application classes (NotReactiveWebApplicationCondition)

   HttpClientAutoConfiguration#clientHttpRequestFactoryBuilder matched:
      - @ConditionalOnMissingBean (types: org.springframework.boot.http.client.ClientHttpRequestFactoryBuilder; SearchStrategy: all) did not find any beans (OnBeanCondition)

   HttpClientAutoConfiguration#clientHttpRequestFactorySettings matched:
      - @ConditionalOnMissingBean (types: org.springframework.boot.http.client.ClientHttpRequestFactorySettings; SearchStrategy: all) did not find any beans (OnBeanCondition)

   HttpEncodingAutoConfiguration matched:
      - @ConditionalOnClass found required class 'org.springframework.web.filter.CharacterEncodingFilter' (OnClassCondition)
      - found 'session' scope (OnWebApplicationCondition)
      - @ConditionalOnProperty (server.servlet.encoding.enabled) matched (OnPropertyCondition)

   HttpEncodingAutoConfiguration#characterEncodingFilter matched:
      - @ConditionalOnMissingBean (types: org.springframework.web.filter.CharacterEncodingFilter; SearchStrategy: all) did not find any beans (OnBeanCondition)

   HttpMessageConvertersAutoConfiguration matched:
      - @ConditionalOnClass found required class 'org.springframework.http.converter.HttpMessageConverter' (OnClassCondition)
      - NoneNestedConditions 0 matched 1 did not; NestedCondition on HttpMessageConvertersAutoConfiguration.NotReactiveWebApplicationCondition.ReactiveWebApplication did not find reactive web application classes (HttpMessageConvertersAutoConfiguration.NotReactiveWebApplicationCondition)

   HttpMessageConvertersAutoConfiguration#messageConverters matched:
      - @ConditionalOnMissingBean (types: org.springframework.boot.autoconfigure.http.HttpMessageConverters; SearchStrategy: all) did not find any beans (OnBeanCondition)

   HttpMessageConvertersAutoConfiguration.StringHttpMessageConverterConfiguration matched:
      - @ConditionalOnClass found required class 'org.springframework.http.converter.StringHttpMessageConverter' (OnClassCondition)

   HttpMessageConvertersAutoConfiguration.StringHttpMessageConverterConfiguration#stringHttpMessageConverter matched:
      - @ConditionalOnMissingBean (types: org.springframework.http.converter.StringHttpMessageConverter; SearchStrategy: all) did not find any beans (OnBeanCondition)

   JacksonAutoConfiguration matched:
      - @ConditionalOnClass found required class 'com.fasterxml.jackson.databind.ObjectMapper' (OnClassCondition)

   JacksonAutoConfiguration.Jackson2ObjectMapperBuilderCustomizerConfiguration matched:
      - @ConditionalOnClass found required class 'org.springframework.http.converter.json.Jackson2ObjectMapperBuilder' (OnClassCondition)

   JacksonAutoConfiguration.JacksonObjectMapperBuilderConfiguration matched:
      - @ConditionalOnClass found required class 'org.springframework.http.converter.json.Jackson2ObjectMapperBuilder' (OnClassCondition)

   JacksonAutoConfiguration.JacksonObjectMapperBuilderConfiguration#jacksonObjectMapperBuilder matched:
      - @ConditionalOnMissingBean (types: org.springframework.http.converter.json.Jackson2ObjectMapperBuilder; SearchStrategy: all) did not find any beans (OnBeanCondition)

   JacksonAutoConfiguration.JacksonObjectMapperConfiguration matched:
      - @ConditionalOnClass found required class 'org.springframework.http.converter.json.Jackson2ObjectMapperBuilder' (OnClassCondition)

   JacksonAutoConfiguration.JacksonObjectMapperConfiguration#jacksonObjectMapper matched:
      - @ConditionalOnMissingBean (types: com.fasterxml.jackson.databind.ObjectMapper; SearchStrategy: all) did not find any beans (OnBeanCondition)

   JacksonAutoConfiguration.ParameterNamesModuleConfiguration matched:
      - @ConditionalOnClass found required class 'com.fasterxml.jackson.module.paramnames.ParameterNamesModule' (OnClassCondition)

   JacksonAutoConfiguration.ParameterNamesModuleConfiguration#parameterNamesModule matched:
      - @ConditionalOnMissingBean (types: com.fasterxml.jackson.module.paramnames.ParameterNamesModule; SearchStrategy: all) did not find any beans (OnBeanCondition)

   JacksonHttpMessageConvertersConfiguration.MappingJackson2HttpMessageConverterConfiguration matched:
      - @ConditionalOnClass found required class 'com.fasterxml.jackson.databind.ObjectMapper' (OnClassCondition)
      - @ConditionalOnProperty (spring.mvc.converters.preferred-json-mapper=jackson) matched (OnPropertyCondition)
      - @ConditionalOnBean (types: com.fasterxml.jackson.databind.ObjectMapper; SearchStrategy: all) found bean 'jacksonObjectMapper' (OnBeanCondition)

   JacksonHttpMessageConvertersConfiguration.MappingJackson2HttpMessageConverterConfiguration#mappingJackson2HttpMessageConverter matched:
      - @ConditionalOnMissingBean (types: org.springframework.http.converter.json.MappingJackson2HttpMessageConverter ignored: org.springframework.hateoas.server.mvc.TypeConstrainedMappingJackson2HttpMessageConverter,org.springframework.data.rest.webmvc.alps.AlpsJsonHttpMessageConverter; SearchStrategy: all) did not find any beans (OnBeanCondition)

   JdbcClientAutoConfiguration matched:
      - @ConditionalOnSingleCandidate (types: org.springframework.jdbc.core.namedparam.NamedParameterJdbcTemplate; SearchStrategy: all) found a single bean 'namedParameterJdbcTemplate'; @ConditionalOnMissingBean (types: org.springframework.jdbc.core.simple.JdbcClient; SearchStrategy: all) did not find any beans (OnBeanCondition)

   JdbcTemplateAutoConfiguration matched:
      - @ConditionalOnClass found required classes 'javax.sql.DataSource', 'org.springframework.jdbc.core.JdbcTemplate' (OnClassCondition)
      - @ConditionalOnSingleCandidate (types: javax.sql.DataSource; SearchStrategy: all) found a single bean 'dataSource' (OnBeanCondition)

   JdbcTemplateConfiguration matched:
      - @ConditionalOnMissingBean (types: org.springframework.jdbc.core.JdbcOperations; SearchStrategy: all) did not find any beans (OnBeanCondition)

   JpaBaseConfiguration#entityManagerFactory matched:
      - @ConditionalOnMissingBean (types: org.springframework.orm.jpa.LocalContainerEntityManagerFactoryBean,jakarta.persistence.EntityManagerFactory; SearchStrategy: all) did not find any beans (OnBeanCondition)

   JpaBaseConfiguration#entityManagerFactoryBuilder matched:
      - @ConditionalOnMissingBean (types: org.springframework.boot.orm.jpa.EntityManagerFactoryBuilder; SearchStrategy: all) did not find any beans (OnBeanCondition)

   JpaBaseConfiguration#jpaVendorAdapter matched:
      - @ConditionalOnMissingBean (types: org.springframework.orm.jpa.JpaVendorAdapter; SearchStrategy: all) did not find any beans (OnBeanCondition)

   JpaBaseConfiguration#transactionManager matched:
      - @ConditionalOnMissingBean (types: org.springframework.transaction.TransactionManager; SearchStrategy: all) did not find any beans (OnBeanCondition)

   JpaBaseConfiguration.PersistenceManagedTypesConfiguration matched:
      - @ConditionalOnMissingBean (types: org.springframework.orm.jpa.LocalContainerEntityManagerFactoryBean,jakarta.persistence.EntityManagerFactory; SearchStrategy: all) did not find any beans (OnBeanCondition)

   JpaBaseConfiguration.PersistenceManagedTypesConfiguration#persistenceManagedTypes matched:
      - @ConditionalOnMissingBean (types: org.springframework.orm.jpa.persistenceunit.PersistenceManagedTypes; SearchStrategy: all) did not find any beans (OnBeanCondition)

   JpaRepositoriesAutoConfiguration matched:
      - @ConditionalOnClass found required class 'org.springframework.data.jpa.repository.JpaRepository' (OnClassCondition)
      - @ConditionalOnProperty (spring.data.jpa.repositories.enabled=true) matched (OnPropertyCondition)
      - @ConditionalOnBean (types: javax.sql.DataSource; SearchStrategy: all) found bean 'dataSource'; @ConditionalOnMissingBean (types: org.springframework.data.jpa.repository.support.JpaRepositoryFactoryBean,org.springframework.data.jpa.repository.config.JpaRepositoryConfigExtension; SearchStrategy: all) did not find any beans (OnBeanCondition)

   JtaAutoConfiguration matched:
      - @ConditionalOnClass found required class 'jakarta.transaction.Transaction' (OnClassCondition)
      - @ConditionalOnProperty (spring.jta.enabled) matched (OnPropertyCondition)

   LifecycleAutoConfiguration#defaultLifecycleProcessor matched:
      - @ConditionalOnMissingBean (names: lifecycleProcessor; SearchStrategy: current) did not find any beans (OnBeanCondition)

   MultipartAutoConfiguration matched:
      - @ConditionalOnClass found required classes 'jakarta.servlet.Servlet', 'org.springframework.web.multipart.support.StandardServletMultipartResolver', 'jakarta.servlet.MultipartConfigElement' (OnClassCondition)
      - found 'session' scope (OnWebApplicationCondition)
      - @ConditionalOnProperty (spring.servlet.multipart.enabled) matched (OnPropertyCondition)

   MultipartAutoConfiguration#multipartConfigElement matched:
      - @ConditionalOnMissingBean (types: jakarta.servlet.MultipartConfigElement; SearchStrategy: all) did not find any beans (OnBeanCondition)

   MultipartAutoConfiguration#multipartResolver matched:
      - @ConditionalOnMissingBean (types: org.springframework.web.multipart.MultipartResolver; SearchStrategy: all) did not find any beans (OnBeanCondition)

   NamedParameterJdbcTemplateConfiguration matched:
      - @ConditionalOnSingleCandidate (types: org.springframework.jdbc.core.JdbcTemplate; SearchStrategy: all) found a single bean 'jdbcTemplate'; @ConditionalOnMissingBean (types: org.springframework.jdbc.core.namedparam.NamedParameterJdbcOperations; SearchStrategy: all) did not find any beans (OnBeanCondition)

   NoOpCacheConfiguration matched:
      - Cache org.springframework.boot.autoconfigure.cache.NoOpCacheConfiguration automatic cache type (CacheCondition)

   PersistenceExceptionTranslationAutoConfiguration matched:
      - @ConditionalOnClass found required class 'org.springframework.dao.annotation.PersistenceExceptionTranslationPostProcessor' (OnClassCondition)

   PersistenceExceptionTranslationAutoConfiguration#persistenceExceptionTranslationPostProcessor matched:
      - @ConditionalOnProperty (spring.dao.exceptiontranslation.enabled) matched (OnPropertyCondition)
      - @ConditionalOnMissingBean (types: org.springframework.dao.annotation.PersistenceExceptionTranslationPostProcessor; SearchStrategy: all) did not find any beans (OnBeanCondition)

   PropertyPlaceholderAutoConfiguration#propertySourcesPlaceholderConfigurer matched:
      - @ConditionalOnMissingBean (types: org.springframework.context.support.PropertySourcesPlaceholderConfigurer; SearchStrategy: current) did not find any beans (OnBeanCondition)

   RestClientAutoConfiguration matched:
      - @ConditionalOnClass found required class 'org.springframework.web.client.RestClient' (OnClassCondition)
      - NoneNestedConditions 0 matched 1 did not; NestedCondition on NotReactiveWebApplicationCondition.ReactiveWebApplication did not find reactive web application classes (NotReactiveWebApplicationCondition)

   RestClientAutoConfiguration#httpMessageConvertersRestClientCustomizer matched:
      - @ConditionalOnMissingBean (types: org.springframework.boot.autoconfigure.web.client.HttpMessageConvertersRestClientCustomizer; SearchStrategy: all) did not find any beans (OnBeanCondition)

   RestClientAutoConfiguration#restClientBuilder matched:
      - @ConditionalOnMissingBean (types: org.springframework.web.client.RestClient$Builder; SearchStrategy: all) did not find any beans (OnBeanCondition)

   RestClientAutoConfiguration#restClientBuilderConfigurer matched:
      - @ConditionalOnMissingBean (types: org.springframework.boot.autoconfigure.web.client.RestClientBuilderConfigurer; SearchStrategy: all) did not find any beans (OnBeanCondition)

   RestClientAutoConfiguration#restClientSsl matched:
      - @ConditionalOnBean (types: org.springframework.boot.ssl.SslBundles; SearchStrategy: all) found bean 'sslBundleRegistry'; @ConditionalOnMissingBean (types: org.springframework.boot.autoconfigure.web.client.RestClientSsl; SearchStrategy: all) did not find any beans (OnBeanCondition)

   RestTemplateAutoConfiguration matched:
      - @ConditionalOnClass found required class 'org.springframework.web.client.RestTemplate' (OnClassCondition)
      - NoneNestedConditions 0 matched 1 did not; NestedCondition on NotReactiveWebApplicationCondition.ReactiveWebApplication did not find reactive web application classes (NotReactiveWebApplicationCondition)

   RestTemplateAutoConfiguration#restTemplateBuilder matched:
      - @ConditionalOnMissingBean (types: org.springframework.boot.web.client.RestTemplateBuilder; SearchStrategy: all) did not find any beans (OnBeanCondition)

   ServletWebServerFactoryAutoConfiguration matched:
      - @ConditionalOnClass found required class 'jakarta.servlet.ServletRequest' (OnClassCondition)
      - found 'session' scope (OnWebApplicationCondition)

   ServletWebServerFactoryAutoConfiguration#tomcatServletWebServerFactoryCustomizer matched:
      - @ConditionalOnClass found required class 'org.apache.catalina.startup.Tomcat' (OnClassCondition)

   ServletWebServerFactoryConfiguration.EmbeddedTomcat matched:
      - @ConditionalOnClass found required classes 'jakarta.servlet.Servlet', 'org.apache.catalina.startup.Tomcat', 'org.apache.coyote.UpgradeProtocol' (OnClassCondition)
      - @ConditionalOnMissingBean (types: org.springframework.boot.web.servlet.server.ServletWebServerFactory; SearchStrategy: current) did not find any beans (OnBeanCondition)

   SimpleCacheConfiguration matched:
      - Cache org.springframework.boot.autoconfigure.cache.SimpleCacheConfiguration automatic cache type (CacheCondition)

   SpringDataWebAutoConfiguration matched:
      - @ConditionalOnClass found required classes 'org.springframework.data.web.PageableHandlerMethodArgumentResolver', 'org.springframework.web.servlet.config.annotation.WebMvcConfigurer' (OnClassCondition)
      - found 'session' scope (OnWebApplicationCondition)
      - @ConditionalOnMissingBean (types: org.springframework.data.web.PageableHandlerMethodArgumentResolver; SearchStrategy: all) did not find any beans (OnBeanCondition)

   SpringDataWebAutoConfiguration#pageableCustomizer matched:
      - @ConditionalOnMissingBean (types: org.springframework.data.web.config.PageableHandlerMethodArgumentResolverCustomizer; SearchStrategy: all) did not find any beans (OnBeanCondition)

   SpringDataWebAutoConfiguration#sortCustomizer matched:
      - @ConditionalOnMissingBean (types: org.springframework.data.web.config.SortHandlerMethodArgumentResolverCustomizer; SearchStrategy: all) did not find any beans (OnBeanCondition)

   SpringDataWebAutoConfiguration#springDataWebSettings matched:
      - @ConditionalOnMissingBean (types: org.springframework.data.web.config.SpringDataWebSettings; SearchStrategy: all) did not find any beans (OnBeanCondition)

   SqlInitializationAutoConfiguration matched:
      - @ConditionalOnProperty (spring.sql.init.enabled) matched (OnPropertyCondition)
      - NoneNestedConditions 0 matched 1 did not; NestedCondition on SqlInitializationAutoConfiguration.SqlInitializationModeCondition.ModeIsNever @ConditionalOnProperty (spring.sql.init.mode=never) did not find property 'mode' (SqlInitializationAutoConfiguration.SqlInitializationModeCondition)

   SslAutoConfiguration#sslBundleRegistry matched:
      - @ConditionalOnMissingBean (types: org.springframework.boot.ssl.SslBundleRegistry,org.springframework.boot.ssl.SslBundles; SearchStrategy: all) did not find any beans (OnBeanCondition)

   TaskExecutionAutoConfiguration matched:
      - @ConditionalOnClass found required class 'org.springframework.scheduling.concurrent.ThreadPoolTaskExecutor' (OnClassCondition)

   TaskExecutorConfigurations.SimpleAsyncTaskExecutorBuilderConfiguration#simpleAsyncTaskExecutorBuilder matched:
      - @ConditionalOnMissingBean (types: org.springframework.boot.task.SimpleAsyncTaskExecutorBuilder; SearchStrategy: all) did not find any beans (OnBeanCondition)
      - @ConditionalOnThreading found PLATFORM (OnThreadingCondition)

   TaskExecutorConfigurations.TaskExecutorConfiguration matched:
      - @ConditionalOnMissingBean (types: java.util.concurrent.Executor; SearchStrategy: all) did not find any beans (OnBeanCondition)

   TaskExecutorConfigurations.TaskExecutorConfiguration#applicationTaskExecutor matched:
      - @ConditionalOnThreading found PLATFORM (OnThreadingCondition)

   TaskExecutorConfigurations.ThreadPoolTaskExecutorBuilderConfiguration#threadPoolTaskExecutorBuilder matched:
      - @ConditionalOnMissingBean (types: org.springframework.boot.task.ThreadPoolTaskExecutorBuilder; SearchStrategy: all) did not find any beans (OnBeanCondition)

   TaskSchedulingAutoConfiguration matched:
      - @ConditionalOnClass found required class 'org.springframework.scheduling.concurrent.ThreadPoolTaskScheduler' (OnClassCondition)

   TaskSchedulingConfigurations.SimpleAsyncTaskSchedulerBuilderConfiguration#simpleAsyncTaskSchedulerBuilder matched:
      - @ConditionalOnMissingBean (types: org.springframework.boot.task.SimpleAsyncTaskSchedulerBuilder; SearchStrategy: all) did not find any beans (OnBeanCondition)
      - @ConditionalOnThreading found PLATFORM (OnThreadingCondition)

   TaskSchedulingConfigurations.ThreadPoolTaskSchedulerBuilderConfiguration#threadPoolTaskSchedulerBuilder matched:
      - @ConditionalOnMissingBean (types: org.springframework.boot.task.ThreadPoolTaskSchedulerBuilder; SearchStrategy: all) did not find any beans (OnBeanCondition)

   TransactionAutoConfiguration matched:
      - @ConditionalOnClass found required class 'org.springframework.transaction.PlatformTransactionManager' (OnClassCondition)

   TransactionAutoConfiguration.EnableTransactionManagementConfiguration matched:
      - @ConditionalOnBean (types: org.springframework.transaction.TransactionManager; SearchStrategy: all) found bean 'transactionManager'; @ConditionalOnMissingBean (types: org.springframework.transaction.annotation.AbstractTransactionManagementConfiguration; SearchStrategy: all) did not find any beans (OnBeanCondition)

   TransactionAutoConfiguration.EnableTransactionManagementConfiguration.CglibAutoProxyConfiguration matched:
      - @ConditionalOnProperty (spring.aop.proxy-target-class=true) matched (OnPropertyCondition)

   TransactionAutoConfiguration.TransactionTemplateConfiguration matched:
      - @ConditionalOnSingleCandidate (types: org.springframework.transaction.PlatformTransactionManager; SearchStrategy: all) found a single bean 'transactionManager' (OnBeanCondition)

   TransactionAutoConfiguration.TransactionTemplateConfiguration#transactionTemplate matched:
      - @ConditionalOnMissingBean (types: org.springframework.transaction.support.TransactionOperations; SearchStrategy: all) did not find any beans (OnBeanCondition)

   TransactionManagerCustomizationAutoConfiguration matched:
      - @ConditionalOnClass found required class 'org.springframework.transaction.PlatformTransactionManager' (OnClassCondition)

   TransactionManagerCustomizationAutoConfiguration#platformTransactionManagerCustomizers matched:
      - @ConditionalOnMissingBean (types: org.springframework.boot.autoconfigure.transaction.TransactionManagerCustomizers; SearchStrategy: all) did not find any beans (OnBeanCondition)

   WebMvcAutoConfiguration matched:
      - @ConditionalOnClass found required classes 'jakarta.servlet.Servlet', 'org.springframework.web.servlet.DispatcherServlet', 'org.springframework.web.servlet.config.annotation.WebMvcConfigurer' (OnClassCondition)
      - found 'session' scope (OnWebApplicationCondition)
      - @ConditionalOnMissingBean (types: org.springframework.web.servlet.config.annotation.WebMvcConfigurationSupport; SearchStrategy: all) did not find any beans (OnBeanCondition)

   WebMvcAutoConfiguration#formContentFilter matched:
      - @ConditionalOnProperty (spring.mvc.formcontent.filter.enabled) matched (OnPropertyCondition)
      - @ConditionalOnMissingBean (types: org.springframework.web.filter.FormContentFilter; SearchStrategy: all) did not find any beans (OnBeanCondition)

   WebMvcAutoConfiguration.EnableWebMvcConfiguration#flashMapManager matched:
      - @ConditionalOnMissingBean (names: flashMapManager; SearchStrategy: all) did not find any beans (OnBeanCondition)

   WebMvcAutoConfiguration.EnableWebMvcConfiguration#localeResolver matched:
      - @ConditionalOnMissingBean (names: localeResolver; SearchStrategy: all) did not find any beans (OnBeanCondition)

   WebMvcAutoConfiguration.EnableWebMvcConfiguration#themeResolver matched:
      - @ConditionalOnMissingBean (names: themeResolver; SearchStrategy: all) did not find any beans (OnBeanCondition)

   WebMvcAutoConfiguration.EnableWebMvcConfiguration#viewNameTranslator matched:
      - @ConditionalOnMissingBean (names: viewNameTranslator; SearchStrategy: all) did not find any beans (OnBeanCondition)

   WebMvcAutoConfiguration.WebMvcAutoConfigurationAdapter#defaultViewResolver matched:
      - @ConditionalOnMissingBean (types: org.springframework.web.servlet.view.InternalResourceViewResolver; SearchStrategy: all) did not find any beans (OnBeanCondition)

   WebMvcAutoConfiguration.WebMvcAutoConfigurationAdapter#requestContextFilter matched:
      - @ConditionalOnMissingBean (types: org.springframework.web.context.request.RequestContextListener,org.springframework.web.filter.RequestContextFilter; SearchStrategy: all) did not find any beans (OnBeanCondition)

   WebMvcAutoConfiguration.WebMvcAutoConfigurationAdapter#viewResolver matched:
      - @ConditionalOnBean (types: org.springframework.web.servlet.ViewResolver; SearchStrategy: all) found beans 'defaultViewResolver', 'beanNameViewResolver', 'mvcViewResolver'; @ConditionalOnMissingBean (names: viewResolver types: org.springframework.web.servlet.view.ContentNegotiatingViewResolver; SearchStrategy: all) did not find any beans (OnBeanCondition)

   WebSocketServletAutoConfiguration matched:
      - @ConditionalOnClass found required classes 'jakarta.servlet.Servlet', 'jakarta.websocket.server.ServerContainer' (OnClassCondition)
      - found 'session' scope (OnWebApplicationCondition)

   WebSocketServletAutoConfiguration.TomcatWebSocketConfiguration matched:
      - @ConditionalOnClass found required classes 'org.apache.catalina.startup.Tomcat', 'org.apache.tomcat.websocket.server.WsSci' (OnClassCondition)

   WebSocketServletAutoConfiguration.TomcatWebSocketConfiguration#websocketServletWebServerCustomizer matched:
      - @ConditionalOnMissingBean (names: websocketServletWebServerCustomizer; SearchStrategy: all) did not find any beans (OnBeanCondition)


Negative matches:
-----------------

   ActiveMQAutoConfiguration:
      Did not match:
         - @ConditionalOnClass did not find required class 'jakarta.jms.ConnectionFactory' (OnClassCondition)

   AopAutoConfiguration.AspectJAutoProxyingConfiguration.JdkDynamicAutoProxyConfiguration:
      Did not match:
         - @ConditionalOnProperty (spring.aop.proxy-target-class=false) did not find property 'proxy-target-class' (OnPropertyCondition)

   AopAutoConfiguration.ClassProxyingConfiguration:
      Did not match:
         - @ConditionalOnMissingClass found unwanted class 'org.aspectj.weaver.Advice' (OnClassCondition)

   ArtemisAutoConfiguration:
      Did not match:
         - @ConditionalOnClass did not find required class 'jakarta.jms.ConnectionFactory' (OnClassCondition)

   BatchAutoConfiguration:
      Did not match:
         - @ConditionalOnClass did not find required class 'org.springframework.batch.core.launch.JobLauncher' (OnClassCondition)

   Cache2kCacheConfiguration:
      Did not match:
         - @ConditionalOnClass did not find required class 'org.cache2k.Cache2kBuilder' (OnClassCondition)

   CacheAutoConfiguration:
      Did not match:
         - @ConditionalOnBean (types: org.springframework.cache.interceptor.CacheAspectSupport; SearchStrategy: all) did not find any beans of type org.springframework.cache.interceptor.CacheAspectSupport (OnBeanCondition)
      Matched:
         - @ConditionalOnClass found required class 'org.springframework.cache.CacheManager' (OnClassCondition)

   CacheAutoConfiguration.CacheManagerEntityManagerFactoryDependsOnPostProcessor:
      Did not match:
         - Ancestor org.springframework.boot.autoconfigure.cache.CacheAutoConfiguration did not match (ConditionEvaluationReport.AncestorsMatchedCondition)
      Matched:
         - @ConditionalOnClass found required class 'org.springframework.orm.jpa.LocalContainerEntityManagerFactoryBean' (OnClassCondition)

   CaffeineCacheConfiguration:
      Did not match:
         - @ConditionalOnClass did not find required class 'com.github.benmanes.caffeine.cache.Caffeine' (OnClassCondition)

   CassandraAutoConfiguration:
      Did not match:
         - @ConditionalOnClass did not find required class 'com.datastax.oss.driver.api.core.CqlSession' (OnClassCondition)

   CassandraDataAutoConfiguration:
      Did not match:
         - @ConditionalOnClass did not find required class 'com.datastax.oss.driver.api.core.CqlSession' (OnClassCondition)

   CassandraReactiveDataAutoConfiguration:
      Did not match:
         - @ConditionalOnClass did not find required class 'com.datastax.oss.driver.api.core.CqlSession' (OnClassCondition)

   CassandraReactiveRepositoriesAutoConfiguration:
      Did not match:
         - @ConditionalOnClass did not find required class 'org.springframework.data.cassandra.ReactiveSession' (OnClassCondition)

   CassandraRepositoriesAutoConfiguration:
      Did not match:
         - @ConditionalOnClass did not find required class 'com.datastax.oss.driver.api.core.CqlSession' (OnClassCondition)

   ClientHttpConnectorAutoConfiguration:
      Did not match:
         - @ConditionalOnClass did not find required class 'org.springframework.web.reactive.function.client.WebClient' (OnClassCondition)

   CodecsAutoConfiguration:
      Did not match:
         - @ConditionalOnClass did not find required class 'org.springframework.web.reactive.function.client.WebClient' (OnClassCondition)

   CouchbaseAutoConfiguration:
      Did not match:
         - @ConditionalOnClass did not find required class 'com.couchbase.client.java.Cluster' (OnClassCondition)

   CouchbaseCacheConfiguration:
      Did not match:
         - @ConditionalOnClass did not find required class 'com.couchbase.client.java.Cluster' (OnClassCondition)

   CouchbaseDataAutoConfiguration:
      Did not match:
         - @ConditionalOnClass did not find required class 'com.couchbase.client.java.Bucket' (OnClassCondition)

   CouchbaseReactiveDataAutoConfiguration:
      Did not match:
         - @ConditionalOnClass did not find required class 'com.couchbase.client.java.Cluster' (OnClassCondition)

   CouchbaseReactiveRepositoriesAutoConfiguration:
      Did not match:
         - @ConditionalOnClass did not find required class 'com.couchbase.client.java.Cluster' (OnClassCondition)

   CouchbaseRepositoriesAutoConfiguration:
      Did not match:
         - @ConditionalOnClass did not find required class 'com.couchbase.client.java.Bucket' (OnClassCondition)

   DataSourceAutoConfiguration.EmbeddedDatabaseConfiguration:
      Did not match:
         - EmbeddedDataSource spring.datasource.url is set (DataSourceAutoConfiguration.EmbeddedDatabaseCondition)

   DataSourceCheckpointRestoreConfiguration:
      Did not match:
         - @ConditionalOnClass did not find required class 'org.crac.Resource' (OnClassCondition)

   DataSourceConfiguration.Dbcp2:
      Did not match:
         - @ConditionalOnClass did not find required class 'org.apache.commons.dbcp2.BasicDataSource' (OnClassCondition)

   DataSourceConfiguration.Generic:
      Did not match:
         - @ConditionalOnProperty (spring.datasource.type) did not find property 'spring.datasource.type' (OnPropertyCondition)

   DataSourceConfiguration.OracleUcp:
      Did not match:
         - @ConditionalOnClass did not find required classes 'oracle.ucp.jdbc.PoolDataSourceImpl', 'oracle.jdbc.OracleConnection' (OnClassCondition)

   DataSourceConfiguration.Tomcat:
      Did not match:
         - @ConditionalOnClass did not find required class 'org.apache.tomcat.jdbc.pool.DataSource' (OnClassCondition)

   DataSourceJmxConfiguration.TomcatDataSourceJmxConfiguration:
      Did not match:
         - @ConditionalOnClass did not find required class 'org.apache.tomcat.jdbc.pool.DataSourceProxy' (OnClassCondition)

   DataSourcePoolMetadataProvidersConfiguration.CommonsDbcp2PoolDataSourceMetadataProviderConfiguration:
      Did not match:
         - @ConditionalOnClass did not find required class 'org.apache.commons.dbcp2.BasicDataSource' (OnClassCondition)

   DataSourcePoolMetadataProvidersConfiguration.OracleUcpPoolDataSourceMetadataProviderConfiguration:
      Did not match:
         - @ConditionalOnClass did not find required classes 'oracle.ucp.jdbc.PoolDataSource', 'oracle.jdbc.OracleConnection' (OnClassCondition)

   DataSourcePoolMetadataProvidersConfiguration.TomcatDataSourcePoolMetadataProviderConfiguration:
      Did not match:
         - @ConditionalOnClass did not find required class 'org.apache.tomcat.jdbc.pool.DataSource' (OnClassCondition)

   DataSourceTransactionManagerAutoConfiguration.JdbcTransactionManagerConfiguration#transactionManager:
      Did not match:
         - @ConditionalOnMissingBean (types: org.springframework.transaction.TransactionManager; SearchStrategy: all) found beans of type 'org.springframework.transaction.TransactionManager' transactionManager (OnBeanCondition)

   DispatcherServletAutoConfiguration.DispatcherServletConfiguration#multipartResolver:
      Did not match:
         - @ConditionalOnBean (types: org.springframework.web.multipart.MultipartResolver; SearchStrategy: all) did not find any beans of type org.springframework.web.multipart.MultipartResolver (OnBeanCondition)

   ElasticsearchClientAutoConfiguration:
      Did not match:
         - @ConditionalOnClass did not find required class 'co.elastic.clients.elasticsearch.ElasticsearchClient' (OnClassCondition)

   ElasticsearchDataAutoConfiguration:
      Did not match:
         - @ConditionalOnClass did not find required class 'org.springframework.data.elasticsearch.client.elc.ElasticsearchTemplate' (OnClassCondition)

   ElasticsearchRepositoriesAutoConfiguration:
      Did not match:
         - @ConditionalOnClass did not find required class 'org.springframework.data.elasticsearch.repository.ElasticsearchRepository' (OnClassCondition)

   ElasticsearchRestClientAutoConfiguration:
      Did not match:
         - @ConditionalOnClass did not find required class 'org.elasticsearch.client.RestClientBuilder' (OnClassCondition)

   EmbeddedLdapAutoConfiguration:
      Did not match:
         - @ConditionalOnClass did not find required class 'com.unboundid.ldap.listener.InMemoryDirectoryServer' (OnClassCondition)

   EmbeddedWebServerFactoryCustomizerAutoConfiguration.JettyWebServerFactoryCustomizerConfiguration:
      Did not match:
         - @ConditionalOnClass did not find required classes 'org.eclipse.jetty.server.Server', 'org.eclipse.jetty.util.Loader', 'org.eclipse.jetty.ee10.webapp.WebAppContext' (OnClassCondition)

   EmbeddedWebServerFactoryCustomizerAutoConfiguration.NettyWebServerFactoryCustomizerConfiguration:
      Did not match:
         - @ConditionalOnClass did not find required class 'reactor.netty.http.server.HttpServer' (OnClassCondition)

   EmbeddedWebServerFactoryCustomizerAutoConfiguration.TomcatWebServerFactoryCustomizerConfiguration#tomcatVirtualThreadsProtocolHandlerCustomizer:
      Did not match:
         - @ConditionalOnThreading did not find VIRTUAL (OnThreadingCondition)

   EmbeddedWebServerFactoryCustomizerAutoConfiguration.UndertowWebServerFactoryCustomizerConfiguration:
      Did not match:
         - @ConditionalOnClass did not find required classes 'io.undertow.Undertow', 'org.xnio.SslClientAuthMode' (OnClassCondition)

   ErrorWebFluxAutoConfiguration:
      Did not match:
         - @ConditionalOnClass did not find required class 'org.springframework.web.reactive.config.WebFluxConfigurer' (OnClassCondition)

   FlywayAutoConfiguration:
      Did not match:
         - @ConditionalOnClass did not find required class 'org.flywaydb.core.Flyway' (OnClassCondition)

   FreeMarkerAutoConfiguration:
      Did not match:
         - @ConditionalOnClass did not find required class 'freemarker.template.Configuration' (OnClassCondition)

   GraphQlAutoConfiguration:
      Did not match:
         - @ConditionalOnClass did not find required class 'graphql.GraphQL' (OnClassCondition)

   GraphQlQueryByExampleAutoConfiguration:
      Did not match:
         - @ConditionalOnClass did not find required class 'graphql.GraphQL' (OnClassCondition)

   GraphQlQuerydslAutoConfiguration:
      Did not match:
         - @ConditionalOnClass did not find required class 'com.querydsl.core.Query' (OnClassCondition)

   GraphQlRSocketAutoConfiguration:
      Did not match:
         - @ConditionalOnClass did not find required class 'graphql.GraphQL' (OnClassCondition)

   GraphQlReactiveQueryByExampleAutoConfiguration:
      Did not match:
         - @ConditionalOnClass did not find required class 'graphql.GraphQL' (OnClassCondition)

   GraphQlReactiveQuerydslAutoConfiguration:
      Did not match:
         - @ConditionalOnClass did not find required class 'com.querydsl.core.Query' (OnClassCondition)

   GraphQlWebFluxAutoConfiguration:
      Did not match:
         - @ConditionalOnClass did not find required class 'graphql.GraphQL' (OnClassCondition)

   GraphQlWebFluxSecurityAutoConfiguration:
      Did not match:
         - @ConditionalOnClass did not find required class 'graphql.GraphQL' (OnClassCondition)

   GraphQlWebMvcAutoConfiguration:
      Did not match:
         - @ConditionalOnClass did not find required class 'graphql.GraphQL' (OnClassCondition)

   GraphQlWebMvcSecurityAutoConfiguration:
      Did not match:
         - @ConditionalOnClass did not find required class 'graphql.GraphQL' (OnClassCondition)

   GroovyTemplateAutoConfiguration:
      Did not match:
         - @ConditionalOnClass did not find required class 'groovy.text.markup.MarkupTemplateEngine' (OnClassCondition)

   GsonAutoConfiguration:
      Did not match:
         - @ConditionalOnClass did not find required class 'com.google.gson.Gson' (OnClassCondition)

   GsonHttpMessageConvertersConfiguration:
      Did not match:
         - @ConditionalOnClass did not find required class 'com.google.gson.Gson' (OnClassCondition)

   H2ConsoleAutoConfiguration:
      Did not match:
         - @ConditionalOnClass did not find required class 'org.h2.server.web.JakartaWebServlet' (OnClassCondition)

   HazelcastAutoConfiguration:
      Did not match:
         - @ConditionalOnClass did not find required class 'com.hazelcast.core.HazelcastInstance' (OnClassCondition)

   HazelcastCacheConfiguration:
      Did not match:
         - @ConditionalOnClass did not find required class 'com.hazelcast.core.HazelcastInstance' (OnClassCondition)

   HazelcastJpaDependencyAutoConfiguration:
      Did not match:
         - @ConditionalOnClass did not find required class 'com.hazelcast.core.HazelcastInstance' (OnClassCondition)

   HttpHandlerAutoConfiguration:
      Did not match:
         - @ConditionalOnClass did not find required class 'org.springframework.web.reactive.DispatcherHandler' (OnClassCondition)

   HypermediaAutoConfiguration:
      Did not match:
         - @ConditionalOnClass did not find required class 'org.springframework.hateoas.EntityModel' (OnClassCondition)

   InfinispanCacheConfiguration:
      Did not match:
         - @ConditionalOnClass did not find required class 'org.infinispan.spring.embedded.provider.SpringEmbeddedCacheManager' (OnClassCondition)

   IntegrationAutoConfiguration:
      Did not match:
         - @ConditionalOnClass did not find required class 'org.springframework.integration.config.EnableIntegration' (OnClassCondition)

   JCacheCacheConfiguration:
      Did not match:
         - @ConditionalOnClass did not find required class 'javax.cache.Caching' (OnClassCondition)

   JacksonHttpMessageConvertersConfiguration.MappingJackson2XmlHttpMessageConverterConfiguration:
      Did not match:
         - @ConditionalOnClass did not find required class 'com.fasterxml.jackson.dataformat.xml.XmlMapper' (OnClassCondition)

   JdbcRepositoriesAutoConfiguration:
      Did not match:
         - @ConditionalOnClass did not find required class 'org.springframework.data.jdbc.repository.config.AbstractJdbcConfiguration' (OnClassCondition)

   JerseyAutoConfiguration:
      Did not match:
         - @ConditionalOnClass did not find required class 'org.glassfish.jersey.server.spring.SpringComponentProvider' (OnClassCondition)

   JmsAutoConfiguration:
      Did not match:
         - @ConditionalOnClass did not find required class 'jakarta.jms.Message' (OnClassCondition)

   JmxAutoConfiguration:
      Did not match:
         - @ConditionalOnProperty (spring.jmx.enabled=true) did not find property 'enabled' (OnPropertyCondition)
      Matched:
         - @ConditionalOnClass found required class 'org.springframework.jmx.export.MBeanExporter' (OnClassCondition)

   JndiConnectionFactoryAutoConfiguration:
      Did not match:
         - @ConditionalOnClass did not find required class 'org.springframework.jms.core.JmsTemplate' (OnClassCondition)

   JndiDataSourceAutoConfiguration:
      Did not match:
         - @ConditionalOnProperty (spring.datasource.jndi-name) did not find property 'jndi-name' (OnPropertyCondition)
      Matched:
         - @ConditionalOnClass found required classes 'javax.sql.DataSource', 'org.springframework.jdbc.datasource.embedded.EmbeddedDatabaseType' (OnClassCondition)

   JndiJtaConfiguration:
      Did not match:
         - @ConditionalOnJndi JNDI environment is not available (OnJndiCondition)
      Matched:
         - @ConditionalOnClass found required class 'org.springframework.transaction.jta.JtaTransactionManager' (OnClassCondition)

   JooqAutoConfiguration:
      Did not match:
         - @ConditionalOnClass did not find required class 'org.jooq.DSLContext' (OnClassCondition)

   JpaBaseConfiguration.JpaWebConfiguration:
      Did not match:
         - @ConditionalOnProperty (spring.jpa.open-in-view=true) found different value in property 'open-in-view' (OnPropertyCondition)
      Matched:
         - @ConditionalOnClass found required class 'org.springframework.web.servlet.config.annotation.WebMvcConfigurer' (OnClassCondition)
         - found 'session' scope (OnWebApplicationCondition)

   JpaRepositoriesAutoConfiguration#entityManagerFactoryBootstrapExecutorCustomizer:
      Did not match:
         - AnyNestedCondition 0 matched 2 did not; NestedCondition on JpaRepositoriesAutoConfiguration.BootstrapExecutorCondition.LazyBootstrapMode @ConditionalOnProperty (spring.data.jpa.repositories.bootstrap-mode=lazy) did not find property 'bootstrap-mode'; NestedCondition on JpaRepositoriesAutoConfiguration.BootstrapExecutorCondition.DeferredBootstrapMode @ConditionalOnProperty (spring.data.jpa.repositories.bootstrap-mode=deferred) did not find property 'bootstrap-mode' (JpaRepositoriesAutoConfiguration.BootstrapExecutorCondition)

   JsonbAutoConfiguration:
      Did not match:
         - @ConditionalOnClass did not find required class 'jakarta.json.bind.Jsonb' (OnClassCondition)

   JsonbHttpMessageConvertersConfiguration:
      Did not match:
         - @ConditionalOnClass did not find required class 'jakarta.json.bind.Jsonb' (OnClassCondition)

   KafkaAutoConfiguration:
      Did not match:
         - @ConditionalOnClass did not find required class 'org.springframework.kafka.core.KafkaTemplate' (OnClassCondition)

   LdapAutoConfiguration:
      Did not match:
         - @ConditionalOnClass did not find required class 'org.springframework.ldap.core.ContextSource' (OnClassCondition)

   LdapRepositoriesAutoConfiguration:
      Did not match:
         - @ConditionalOnClass did not find required class 'org.springframework.data.ldap.repository.LdapRepository' (OnClassCondition)

   LiquibaseAutoConfiguration:
      Did not match:
         - @ConditionalOnClass did not find required class 'liquibase.change.DatabaseChange' (OnClassCondition)

   MailSenderAutoConfiguration:
      Did not match:
         - @ConditionalOnClass did not find required class 'jakarta.mail.internet.MimeMessage' (OnClassCondition)

   MailSenderValidatorAutoConfiguration:
      Did not match:
         - @ConditionalOnSingleCandidate did not find required type 'org.springframework.mail.javamail.JavaMailSenderImpl' (OnBeanCondition)

   MessageSourceAutoConfiguration:
      Did not match:
         - ResourceBundle did not find bundle with basename messages (MessageSourceAutoConfiguration.ResourceBundleCondition)

   MongoAutoConfiguration:
      Did not match:
         - @ConditionalOnClass did not find required class 'com.mongodb.client.MongoClient' (OnClassCondition)

   MongoDataAutoConfiguration:
      Did not match:
         - @ConditionalOnClass did not find required class 'com.mongodb.client.MongoClient' (OnClassCondition)

   MongoReactiveAutoConfiguration:
      Did not match:
         - @ConditionalOnClass did not find required class 'com.mongodb.reactivestreams.client.MongoClient' (OnClassCondition)

   MongoReactiveDataAutoConfiguration:
      Did not match:
         - @ConditionalOnClass did not find required class 'com.mongodb.reactivestreams.client.MongoClient' (OnClassCondition)

   MongoReactiveRepositoriesAutoConfiguration:
      Did not match:
         - @ConditionalOnClass did not find required class 'com.mongodb.reactivestreams.client.MongoClient' (OnClassCondition)

   MongoRepositoriesAutoConfiguration:
      Did not match:
         - @ConditionalOnClass did not find required class 'com.mongodb.client.MongoClient' (OnClassCondition)

   MustacheAutoConfiguration:
      Did not match:
         - @ConditionalOnClass did not find required class 'com.samskivert.mustache.Mustache' (OnClassCondition)

   Neo4jAutoConfiguration:
      Did not match:
         - @ConditionalOnClass did not find required class 'org.neo4j.driver.Driver' (OnClassCondition)

   Neo4jDataAutoConfiguration:
      Did not match:
         - @ConditionalOnClass did not find required class 'org.neo4j.driver.Driver' (OnClassCondition)

   Neo4jReactiveDataAutoConfiguration:
      Did not match:
         - @ConditionalOnClass did not find required class 'org.neo4j.driver.Driver' (OnClassCondition)

   Neo4jReactiveRepositoriesAutoConfiguration:
      Did not match:
         - @ConditionalOnClass did not find required class 'org.neo4j.driver.Driver' (OnClassCondition)

   Neo4jRepositoriesAutoConfiguration:
      Did not match:
         - @ConditionalOnClass did not find required class 'org.neo4j.driver.Driver' (OnClassCondition)

   NettyAutoConfiguration:
      Did not match:
         - @ConditionalOnClass did not find required class 'io.netty.util.NettyRuntime' (OnClassCondition)

   OAuth2AuthorizationServerAutoConfiguration:
      Did not match:
         - @ConditionalOnClass did not find required class 'org.springframework.security.oauth2.server.authorization.OAuth2Authorization' (OnClassCondition)

   OAuth2AuthorizationServerJwtAutoConfiguration:
      Did not match:
         - @ConditionalOnClass did not find required class 'org.springframework.security.oauth2.server.authorization.OAuth2Authorization' (OnClassCondition)

   OAuth2ClientAutoConfiguration:
      Did not match:
         - @ConditionalOnClass did not find required class 'org.springframework.security.config.annotation.web.configuration.EnableWebSecurity' (OnClassCondition)

   OAuth2ResourceServerAutoConfiguration:
      Did not match:
         - @ConditionalOnClass did not find required class 'org.springframework.security.oauth2.server.resource.authentication.BearerTokenAuthenticationToken' (OnClassCondition)

   ProjectInfoAutoConfiguration#buildProperties:
      Did not match:
         - @ConditionalOnResource did not find resource '${spring.info.build.location:classpath:META-INF/build-info.properties}' (OnResourceCondition)

   ProjectInfoAutoConfiguration#gitProperties:
      Did not match:
         - GitResource did not find git info at classpath:git.properties (ProjectInfoAutoConfiguration.GitResourceAvailableCondition)

   PulsarAutoConfiguration:
      Did not match:
         - @ConditionalOnClass did not find required class 'org.apache.pulsar.client.api.PulsarClient' (OnClassCondition)

   PulsarReactiveAutoConfiguration:
      Did not match:
         - @ConditionalOnClass did not find required class 'org.apache.pulsar.client.api.PulsarClient' (OnClassCondition)

   QuartzAutoConfiguration:
      Did not match:
         - @ConditionalOnClass did not find required class 'org.quartz.Scheduler' (OnClassCondition)

   R2dbcAutoConfiguration:
      Did not match:
         - @ConditionalOnClass did not find required class 'io.r2dbc.spi.ConnectionFactory' (OnClassCondition)

   R2dbcDataAutoConfiguration:
      Did not match:
         - @ConditionalOnClass did not find required class 'org.springframework.data.r2dbc.core.R2dbcEntityTemplate' (OnClassCondition)

   R2dbcInitializationConfiguration:
      Did not match:
         - @ConditionalOnClass did not find required classes 'io.r2dbc.spi.ConnectionFactory', 'org.springframework.r2dbc.connection.init.DatabasePopulator' (OnClassCondition)

   R2dbcProxyAutoConfiguration:
      Did not match:
         - @ConditionalOnClass did not find required class 'io.r2dbc.proxy.ProxyConnectionFactory' (OnClassCondition)

   R2dbcRepositoriesAutoConfiguration:
      Did not match:
         - @ConditionalOnClass did not find required class 'io.r2dbc.spi.ConnectionFactory' (OnClassCondition)

   R2dbcTransactionManagerAutoConfiguration:
      Did not match:
         - @ConditionalOnClass did not find required class 'org.springframework.r2dbc.connection.R2dbcTransactionManager' (OnClassCondition)

   RSocketGraphQlClientAutoConfiguration:
      Did not match:
         - @ConditionalOnClass did not find required class 'graphql.GraphQL' (OnClassCondition)

   RSocketMessagingAutoConfiguration:
      Did not match:
         - @ConditionalOnClass did not find required class 'io.rsocket.RSocket' (OnClassCondition)

   RSocketRequesterAutoConfiguration:
      Did not match:
         - @ConditionalOnClass did not find required class 'io.rsocket.RSocket' (OnClassCondition)

   RSocketSecurityAutoConfiguration:
      Did not match:
         - @ConditionalOnClass did not find required class 'org.springframework.security.rsocket.core.SecuritySocketAcceptorInterceptor' (OnClassCondition)

   RSocketServerAutoConfiguration:
      Did not match:
         - @ConditionalOnClass did not find required class 'io.rsocket.core.RSocketServer' (OnClassCondition)

   RSocketStrategiesAutoConfiguration:
      Did not match:
         - @ConditionalOnClass did not find required class 'io.netty.buffer.PooledByteBufAllocator' (OnClassCondition)

   RabbitAutoConfiguration:
      Did not match:
         - @ConditionalOnClass did not find required class 'com.rabbitmq.client.Channel' (OnClassCondition)

   ReactiveElasticsearchClientAutoConfiguration:
      Did not match:
         - @ConditionalOnClass did not find required class 'co.elastic.clients.transport.ElasticsearchTransport' (OnClassCondition)

   ReactiveElasticsearchRepositoriesAutoConfiguration:
      Did not match:
         - @ConditionalOnClass did not find required class 'reactor.core.publisher.Mono' (OnClassCondition)

   ReactiveMultipartAutoConfiguration:
      Did not match:
         - @ConditionalOnClass did not find required class 'org.springframework.web.reactive.config.WebFluxConfigurer' (OnClassCondition)

   ReactiveOAuth2ClientAutoConfiguration:
      Did not match:
         - @ConditionalOnClass did not find required class 'reactor.core.publisher.Flux' (OnClassCondition)

   ReactiveOAuth2ResourceServerAutoConfiguration:
      Did not match:
         - @ConditionalOnClass did not find required class 'org.springframework.security.config.annotation.web.reactive.EnableWebFluxSecurity' (OnClassCondition)

   ReactiveSecurityAutoConfiguration:
      Did not match:
         - @ConditionalOnClass did not find required class 'reactor.core.publisher.Flux' (OnClassCondition)

   ReactiveUserDetailsServiceAutoConfiguration:
      Did not match:
         - @ConditionalOnClass did not find required class 'org.springframework.security.authentication.ReactiveAuthenticationManager' (OnClassCondition)

   ReactiveWebServerFactoryAutoConfiguration:
      Did not match:
         - @ConditionalOnWebApplication did not find reactive web application classes (OnWebApplicationCondition)

   ReactorAutoConfiguration:
      Did not match:
         - @ConditionalOnClass did not find required class 'reactor.core.publisher.Hooks' (OnClassCondition)

   RedisAutoConfiguration:
      Did not match:
         - @ConditionalOnClass did not find required class 'org.springframework.data.redis.core.RedisOperations' (OnClassCondition)

   RedisCacheConfiguration:
      Did not match:
         - @ConditionalOnClass did not find required class 'org.springframework.data.redis.connection.RedisConnectionFactory' (OnClassCondition)

   RedisReactiveAutoConfiguration:
      Did not match:
         - @ConditionalOnClass did not find required class 'reactor.core.publisher.Flux' (OnClassCondition)

   RedisRepositoriesAutoConfiguration:
      Did not match:
         - @ConditionalOnClass did not find required class 'org.springframework.data.redis.repository.configuration.EnableRedisRepositories' (OnClassCondition)

   RepositoryRestMvcAutoConfiguration:
      Did not match:
         - @ConditionalOnClass did not find required class 'org.springframework.data.rest.webmvc.config.RepositoryRestMvcConfiguration' (OnClassCondition)

   Saml2RelyingPartyAutoConfiguration:
      Did not match:
         - @ConditionalOnClass did not find required class 'org.springframework.security.saml2.provider.service.registration.RelyingPartyRegistrationRepository' (OnClassCondition)

   SecurityAutoConfiguration:
      Did not match:
         - @ConditionalOnClass did not find required class 'org.springframework.security.authentication.DefaultAuthenticationEventPublisher' (OnClassCondition)

   SecurityFilterAutoConfiguration:
      Did not match:
         - @ConditionalOnClass did not find required class 'org.springframework.security.config.http.SessionCreationPolicy' (OnClassCondition)

   SendGridAutoConfiguration:
      Did not match:
         - @ConditionalOnClass did not find required class 'com.sendgrid.SendGrid' (OnClassCondition)

   ServletWebServerFactoryAutoConfiguration.ForwardedHeaderFilterConfiguration:
      Did not match:
         - @ConditionalOnProperty (server.forward-headers-strategy=framework) did not find property 'server.forward-headers-strategy' (OnPropertyCondition)

   ServletWebServerFactoryConfiguration.EmbeddedJetty:
      Did not match:
         - @ConditionalOnClass did not find required classes 'org.eclipse.jetty.server.Server', 'org.eclipse.jetty.util.Loader', 'org.eclipse.jetty.ee10.webapp.WebAppContext' (OnClassCondition)

   ServletWebServerFactoryConfiguration.EmbeddedUndertow:
      Did not match:
         - @ConditionalOnClass did not find required classes 'io.undertow.Undertow', 'org.xnio.SslClientAuthMode' (OnClassCondition)

   SessionAutoConfiguration:
      Did not match:
         - @ConditionalOnClass did not find required class 'org.springframework.session.Session' (OnClassCondition)

   SpringApplicationAdminJmxAutoConfiguration:
      Did not match:
         - @ConditionalOnProperty (spring.application.admin.enabled=true) did not find property 'enabled' (OnPropertyCondition)

   TaskExecutorConfigurations.SimpleAsyncTaskExecutorBuilderConfiguration#simpleAsyncTaskExecutorBuilderVirtualThreads:
      Did not match:
         - @ConditionalOnMissingBean (types: org.springframework.boot.task.SimpleAsyncTaskExecutorBuilder; SearchStrategy: all) found beans of type 'org.springframework.boot.task.SimpleAsyncTaskExecutorBuilder' simpleAsyncTaskExecutorBuilder (OnBeanCondition)

   TaskExecutorConfigurations.TaskExecutorConfiguration#applicationTaskExecutorVirtualThreads:
      Did not match:
         - @ConditionalOnThreading did not find VIRTUAL (OnThreadingCondition)

   TaskSchedulingAutoConfiguration#scheduledBeanLazyInitializationExcludeFilter:
      Did not match:
         - @ConditionalOnBean (names: org.springframework.context.annotation.internalScheduledAnnotationProcessor; SearchStrategy: all) did not find any beans named org.springframework.context.annotation.internalScheduledAnnotationProcessor (OnBeanCondition)

   TaskSchedulingConfigurations.SimpleAsyncTaskSchedulerBuilderConfiguration#simpleAsyncTaskSchedulerBuilderVirtualThreads:
      Did not match:
         - @ConditionalOnMissingBean (types: org.springframework.boot.task.SimpleAsyncTaskSchedulerBuilder; SearchStrategy: all) found beans of type 'org.springframework.boot.task.SimpleAsyncTaskSchedulerBuilder' simpleAsyncTaskSchedulerBuilder (OnBeanCondition)

   TaskSchedulingConfigurations.TaskSchedulerConfiguration:
      Did not match:
         - @ConditionalOnBean (names: org.springframework.context.annotation.internalScheduledAnnotationProcessor; SearchStrategy: all) did not find any beans named org.springframework.context.annotation.internalScheduledAnnotationProcessor (OnBeanCondition)

   ThymeleafAutoConfiguration:
      Did not match:
         - @ConditionalOnClass did not find required class 'org.thymeleaf.spring6.SpringTemplateEngine' (OnClassCondition)

   TransactionAutoConfiguration#transactionalOperator:
      Did not match:
         - @ConditionalOnSingleCandidate (types: org.springframework.transaction.ReactiveTransactionManager; SearchStrategy: all) did not find any beans (OnBeanCondition)

   TransactionAutoConfiguration.AspectJTransactionManagementConfiguration:
      Did not match:
         - @ConditionalOnBean (types: org.springframework.transaction.aspectj.AbstractTransactionAspect; SearchStrategy: all) did not find any beans of type org.springframework.transaction.aspectj.AbstractTransactionAspect (OnBeanCondition)

   TransactionAutoConfiguration.EnableTransactionManagementConfiguration.JdkDynamicAutoProxyConfiguration:
      Did not match:
         - @ConditionalOnProperty (spring.aop.proxy-target-class=false) did not find property 'proxy-target-class' (OnPropertyCondition)

   UserDetailsServiceAutoConfiguration:
      Did not match:
         - @ConditionalOnClass did not find required class 'org.springframework.security.authentication.AuthenticationManager' (OnClassCondition)

   ValidationAutoConfiguration:
      Did not match:
         - @ConditionalOnClass did not find required class 'jakarta.validation.executable.ExecutableValidator' (OnClassCondition)

   WebClientAutoConfiguration:
      Did not match:
         - @ConditionalOnClass did not find required class 'org.springframework.web.reactive.function.client.WebClient' (OnClassCondition)

   WebFluxAutoConfiguration:
      Did not match:
         - @ConditionalOnClass did not find required class 'org.springframework.web.reactive.config.WebFluxConfigurer' (OnClassCondition)

   WebMvcAutoConfiguration#hiddenHttpMethodFilter:
      Did not match:
         - @ConditionalOnProperty (spring.mvc.hiddenmethod.filter.enabled) did not find property 'enabled' (OnPropertyCondition)

   WebMvcAutoConfiguration.ProblemDetailsErrorHandlingConfiguration:
      Did not match:
         - @ConditionalOnProperty (spring.mvc.problemdetails.enabled=true) did not find property 'enabled' (OnPropertyCondition)

   WebMvcAutoConfiguration.ResourceChainCustomizerConfiguration:
      Did not match:
         - @ConditionalOnEnabledResourceChain did not find class org.webjars.WebJarVersionLocator (OnEnabledResourceChainCondition)

   WebMvcAutoConfiguration.WebMvcAutoConfigurationAdapter#beanNameViewResolver:
      Did not match:
         - @ConditionalOnMissingBean (types: org.springframework.web.servlet.view.BeanNameViewResolver; SearchStrategy: all) found beans of type 'org.springframework.web.servlet.view.BeanNameViewResolver' beanNameViewResolver (OnBeanCondition)

   WebServiceTemplateAutoConfiguration:
      Did not match:
         - @ConditionalOnClass did not find required class 'org.springframework.oxm.Marshaller' (OnClassCondition)

   WebServicesAutoConfiguration:
      Did not match:
         - @ConditionalOnClass did not find required class 'org.springframework.ws.transport.http.MessageDispatcherServlet' (OnClassCondition)

   WebSessionIdResolverAutoConfiguration:
      Did not match:
         - @ConditionalOnClass did not find required class 'reactor.core.publisher.Mono' (OnClassCondition)

   WebSocketMessagingAutoConfiguration:
      Did not match:
         - @ConditionalOnClass did not find required class 'org.springframework.web.socket.config.annotation.WebSocketMessageBrokerConfigurer' (OnClassCondition)

   WebSocketReactiveAutoConfiguration:
      Did not match:
         - @ConditionalOnWebApplication did not find reactive web application classes (OnWebApplicationCondition)

   WebSocketServletAutoConfiguration.JettyWebSocketConfiguration:
      Did not match:
         - @ConditionalOnClass did not find required class 'org.eclipse.jetty.ee10.websocket.jakarta.server.config.JakartaWebSocketServletContainerInitializer' (OnClassCondition)

   WebSocketServletAutoConfiguration.UndertowWebSocketConfiguration:
      Did not match:
         - @ConditionalOnClass did not find required class 'io.undertow.websockets.jsr.Bootstrap' (OnClassCondition)

   XADataSourceAutoConfiguration:
      Did not match:
         - @ConditionalOnBean (types: org.springframework.boot.jdbc.XADataSourceWrapper; SearchStrategy: all) did not find any beans of type org.springframework.boot.jdbc.XADataSourceWrapper (OnBeanCondition)
      Matched:
         - @ConditionalOnClass found required classes 'javax.sql.DataSource', 'jakarta.transaction.TransactionManager', 'org.springframework.jdbc.datasource.embedded.EmbeddedDatabaseType' (OnClassCondition)


Exclusions:
-----------

    None


Unconditional classes:
----------------------

    org.springframework.boot.autoconfigure.context.ConfigurationPropertiesAutoConfiguration

    org.springframework.boot.autoconfigure.ssl.SslAutoConfiguration

    org.springframework.boot.autoconfigure.context.LifecycleAutoConfiguration

    org.springframework.boot.autoconfigure.context.PropertyPlaceholderAutoConfiguration

    org.springframework.boot.autoconfigure.availability.ApplicationAvailabilityAutoConfiguration

    org.springframework.boot.autoconfigure.info.ProjectInfoAutoConfiguration



2026-10-07T08:18:34.487+07:00  INFO 5216 --- [lab4-orchid-api] [           main] com.example.orchid.OrchidApplication     : Started OrchidApplication in 6.839 seconds (process running for 7.542)
2026-10-07T08:18:34.489+07:00 DEBUG 5216 --- [lab4-orchid-api] [           main] o.s.b.a.ApplicationAvailabilityBean      : Application availability state LivenessState changed to CORRECT
2026-10-07T08:18:34.492+07:00 DEBUG 5216 --- [lab4-orchid-api] [           main] o.s.b.a.ApplicationAvailabilityBean      : Application availability state ReadinessState changed to ACCEPTING_TRAFFIC
2026-10-07T08:19:26.485+07:00  INFO 5216 --- [lab4-orchid-api] [nio-8080-exec-2] o.a.c.c.C.[Tomcat].[localhost].[/]       : Initializing Spring DispatcherServlet 'dispatcherServlet'
2026-10-07T08:19:26.485+07:00  INFO 5216 --- [lab4-orchid-api] [nio-8080-exec-2] o.s.web.servlet.DispatcherServlet        : Initializing Servlet 'dispatcherServlet'
2026-10-07T08:19:26.485+07:00 DEBUG 5216 --- [lab4-orchid-api] [nio-8080-exec-2] o.s.web.servlet.DispatcherServlet        : Detected StandardServletMultipartResolver
2026-10-07T08:19:26.485+07:00 DEBUG 5216 --- [lab4-orchid-api] [nio-8080-exec-2] o.s.web.servlet.DispatcherServlet        : Detected AcceptHeaderLocaleResolver
2026-10-07T08:19:26.485+07:00 DEBUG 5216 --- [lab4-orchid-api] [nio-8080-exec-2] o.s.web.servlet.DispatcherServlet        : Detected FixedThemeResolver
2026-10-07T08:19:26.487+07:00 DEBUG 5216 --- [lab4-orchid-api] [nio-8080-exec-2] o.s.web.servlet.DispatcherServlet        : Detected org.springframework.web.servlet.view.DefaultRequestToViewNameTranslator@7505dcab
2026-10-07T08:19:26.487+07:00 DEBUG 5216 --- [lab4-orchid-api] [nio-8080-exec-2] o.s.web.servlet.DispatcherServlet        : Detected org.springframework.web.servlet.support.SessionFlashMapManager@6771fc29
2026-10-07T08:19:26.487+07:00 DEBUG 5216 --- [lab4-orchid-api] [nio-8080-exec-2] o.s.web.servlet.DispatcherServlet        : enableLoggingRequestDetails='false': request parameters and headers will be masked to prevent unsafe logging of potentially sensitive data
2026-10-07T08:19:26.487+07:00  INFO 5216 --- [lab4-orchid-api] [nio-8080-exec-2] o.s.web.servlet.DispatcherServlet        : Completed initialization in 2 ms
2026-10-07T08:19:26.497+07:00 DEBUG 5216 --- [lab4-orchid-api] [nio-8080-exec-2] o.s.web.servlet.DispatcherServlet        : POST "/api/orchids", parameters={}
2026-10-07T08:19:26.510+07:00 DEBUG 5216 --- [lab4-orchid-api] [nio-8080-exec-2] s.w.s.m.m.a.RequestMappingHandlerMapping : Mapped to com.example.orchid.controllers.OrchidController#create(Orchid)
2026-10-07T08:19:26.584+07:00 DEBUG 5216 --- [lab4-orchid-api] [nio-8080-exec-2] m.m.a.RequestResponseBodyMethodProcessor : Read "application/json;charset=UTF-8" to [com.example.orchid.pojos.Orchid@692f3ed9]
2026-10-07T08:19:26.651+07:00 DEBUG 5216 --- [lab4-orchid-api] [nio-8080-exec-2] org.hibernate.SQL                        : 
    select
        oc1_0.category_id,
        oc1_0.category_name 
    from
        orchid_categories oc1_0 
    where
        oc1_0.category_id=?
Hibernate: 
    select
        oc1_0.category_id,
        oc1_0.category_name 
    from
        orchid_categories oc1_0 
    where
        oc1_0.category_id=?
2026-10-07T08:19:26.717+07:00 DEBUG 5216 --- [lab4-orchid-api] [nio-8080-exec-2] org.hibernate.SQL                        : 
    insert 
    into
        orchids
        (is_attractive, is_natural, category_id, orchid_description, orchid_name, orchid_url) 
    values
        (?, ?, ?, ?, ?, ?)
Hibernate: 
    insert 
    into
        orchids
        (is_attractive, is_natural, category_id, orchid_description, orchid_name, orchid_url) 
    values
        (?, ?, ?, ?, ?, ?)
2026-10-07T08:19:26.769+07:00 DEBUG 5216 --- [lab4-orchid-api] [nio-8080-exec-2] o.s.w.s.m.m.a.HttpEntityMethodProcessor  : Using 'application/json', given [*/*] and supported [application/json, application/*+json]
2026-10-07T08:19:26.769+07:00 DEBUG 5216 --- [lab4-orchid-api] [nio-8080-exec-2] o.s.w.s.m.m.a.HttpEntityMethodProcessor  : Writing [com.example.orchid.pojos.Orchid@692f3ed9]
2026-10-07T08:19:26.780+07:00 DEBUG 5216 --- [lab4-orchid-api] [nio-8080-exec-2] o.s.web.servlet.DispatcherServlet        : Completed 201 CREATED
2026-10-07T08:19:26.870+07:00 DEBUG 5216 --- [lab4-orchid-api] [nio-8080-exec-3] o.s.web.servlet.DispatcherServlet        : GET "/api/orchids/", parameters={}
2026-10-07T08:19:26.875+07:00 DEBUG 5216 --- [lab4-orchid-api] [nio-8080-exec-3] o.s.w.s.handler.SimpleUrlHandlerMapping  : Mapped to ResourceHttpRequestHandler [classpath [META-INF/resources/], classpath [resources/], classpath [static/], classpath [public/], ServletContext [/]]
2026-10-07T08:19:26.878+07:00 DEBUG 5216 --- [lab4-orchid-api] [nio-8080-exec-3] o.s.w.s.r.ResourceHttpRequestHandler     : Resource not found
2026-10-07T08:19:26.881+07:00 DEBUG 5216 --- [lab4-orchid-api] [nio-8080-exec-3] .w.s.m.s.DefaultHandlerExceptionResolver : Resolved [org.springframework.web.servlet.resource.NoResourceFoundException: No static resource api/orchids.]
2026-10-07T08:19:26.881+07:00 DEBUG 5216 --- [lab4-orchid-api] [nio-8080-exec-3] o.s.web.servlet.DispatcherServlet        : Completed 404 NOT_FOUND
2026-10-07T08:19:26.887+07:00 DEBUG 5216 --- [lab4-orchid-api] [nio-8080-exec-3] o.s.web.servlet.DispatcherServlet        : "ERROR" dispatch for GET "/error", parameters={}
2026-10-07T08:19:26.888+07:00 DEBUG 5216 --- [lab4-orchid-api] [nio-8080-exec-3] s.w.s.m.m.a.RequestMappingHandlerMapping : Mapped to org.springframework.boot.autoconfigure.web.servlet.error.BasicErrorController#error(HttpServletRequest)
2026-10-07T08:19:26.890+07:00 DEBUG 5216 --- [lab4-orchid-api] [nio-8080-exec-3] o.s.w.s.m.m.a.HttpEntityMethodProcessor  : Using 'application/json', given [*/*] and supported [application/json, application/*+json]
2026-10-07T08:19:26.890+07:00 DEBUG 5216 --- [lab4-orchid-api] [nio-8080-exec-3] o.s.w.s.m.m.a.HttpEntityMethodProcessor  : Writing [{timestamp=Wed Oct 07 08:19:26 ICT 2026, status=404, error=Not Found, path=/api/orchids/}]
2026-10-07T08:19:26.904+07:00 DEBUG 5216 --- [lab4-orchid-api] [nio-8080-exec-3] o.s.web.servlet.DispatcherServlet        : Exiting from "ERROR" dispatch, status 404
2026-10-07T08:19:26.967+07:00 DEBUG 5216 --- [lab4-orchid-api] [nio-8080-exec-4] o.s.web.servlet.DispatcherServlet        : GET "/api/orchids", parameters={}
2026-10-07T08:19:26.972+07:00 DEBUG 5216 --- [lab4-orchid-api] [nio-8080-exec-4] s.w.s.m.m.a.RequestMappingHandlerMapping : Mapped to com.example.orchid.controllers.OrchidController#getAll(String)
2026-10-07T08:19:27.049+07:00 DEBUG 5216 --- [lab4-orchid-api] [nio-8080-exec-4] org.hibernate.SQL                        : 
    select
        o1_0.orchid_id,
        o1_0.is_attractive,
        o1_0.is_natural,
        o1_0.category_id,
        o1_0.orchid_description,
        o1_0.orchid_name,
        o1_0.orchid_url 
    from
        orchids o1_0
Hibernate: 
    select
        o1_0.orchid_id,
        o1_0.is_attractive,
        o1_0.is_natural,
        o1_0.category_id,
        o1_0.orchid_description,
        o1_0.orchid_name,
        o1_0.orchid_url 
    from
        orchids o1_0
2026-10-07T08:19:27.049+07:00 DEBUG 5216 --- [lab4-orchid-api] [nio-8080-exec-4] org.hibernate.SQL                        : 
    select
        oc1_0.category_id,
        oc1_0.category_name 
    from
        orchid_categories oc1_0 
    where
        oc1_0.category_id=?
Hibernate: 
    select
        oc1_0.category_id,
        oc1_0.category_name 
    from
        orchid_categories oc1_0 
    where
        oc1_0.category_id=?
2026-10-07T08:19:27.057+07:00 DEBUG 5216 --- [lab4-orchid-api] [nio-8080-exec-4] m.m.a.RequestResponseBodyMethodProcessor : Using 'application/json', given [*/*] and supported [application/json, application/*+json]
2026-10-07T08:19:27.057+07:00 DEBUG 5216 --- [lab4-orchid-api] [nio-8080-exec-4] m.m.a.RequestResponseBodyMethodProcessor : Writing [[com.example.orchid.pojos.Orchid@ec98888]]
2026-10-07T08:19:27.060+07:00 DEBUG 5216 --- [lab4-orchid-api] [nio-8080-exec-4] o.s.web.servlet.DispatcherServlet        : Completed 200 OK
2026-10-07T08:19:27.108+07:00 DEBUG 5216 --- [lab4-orchid-api] [nio-8080-exec-5] o.s.web.servlet.DispatcherServlet        : GET "/api/orchids?name=cAt", parameters={masked}
2026-10-07T08:19:27.108+07:00 DEBUG 5216 --- [lab4-orchid-api] [nio-8080-exec-5] s.w.s.m.m.a.RequestMappingHandlerMapping : Mapped to com.example.orchid.controllers.OrchidController#getAll(String)
2026-10-07T08:19:27.138+07:00 DEBUG 5216 --- [lab4-orchid-api] [nio-8080-exec-5] org.hibernate.SQL                        : 
    select
        o1_0.orchid_id,
        o1_0.is_attractive,
        o1_0.is_natural,
        o1_0.category_id,
        o1_0.orchid_description,
        o1_0.orchid_name,
        o1_0.orchid_url 
    from
        orchids o1_0 
    where
        upper(o1_0.orchid_name) like upper(?) escape '\'
Hibernate: 
    select
        o1_0.orchid_id,
        o1_0.is_attractive,
        o1_0.is_natural,
        o1_0.category_id,
        o1_0.orchid_description,
        o1_0.orchid_name,
        o1_0.orchid_url 
    from
        orchids o1_0 
    where
        upper(o1_0.orchid_name) like upper(?) escape '\'
2026-10-07T08:19:27.142+07:00 DEBUG 5216 --- [lab4-orchid-api] [nio-8080-exec-5] org.hibernate.SQL                        : 
    select
        oc1_0.category_id,
        oc1_0.category_name 
    from
        orchid_categories oc1_0 
    where
        oc1_0.category_id=?
Hibernate: 
    select
        oc1_0.category_id,
        oc1_0.category_name 
    from
        orchid_categories oc1_0 
    where
        oc1_0.category_id=?
2026-10-07T08:19:27.146+07:00 DEBUG 5216 --- [lab4-orchid-api] [nio-8080-exec-5] m.m.a.RequestResponseBodyMethodProcessor : Using 'application/json', given [*/*] and supported [application/json, application/*+json]
2026-10-07T08:19:27.147+07:00 DEBUG 5216 --- [lab4-orchid-api] [nio-8080-exec-5] m.m.a.RequestResponseBodyMethodProcessor : Writing [[com.example.orchid.pojos.Orchid@28fdbf0f]]
2026-10-07T08:19:27.147+07:00 DEBUG 5216 --- [lab4-orchid-api] [nio-8080-exec-5] o.s.web.servlet.DispatcherServlet        : Completed 200 OK
2026-10-07T08:19:27.185+07:00 DEBUG 5216 --- [lab4-orchid-api] [nio-8080-exec-6] o.s.web.servlet.DispatcherServlet        : GET "/api/orchids/999999999", parameters={}
2026-10-07T08:19:27.185+07:00 DEBUG 5216 --- [lab4-orchid-api] [nio-8080-exec-6] s.w.s.m.m.a.RequestMappingHandlerMapping : Mapped to com.example.orchid.controllers.OrchidController#getById(Long)
2026-10-07T08:19:27.190+07:00 DEBUG 5216 --- [lab4-orchid-api] [nio-8080-exec-6] org.hibernate.SQL                        : 
    select
        o1_0.orchid_id,
        o1_0.is_attractive,
        o1_0.is_natural,
        o1_0.category_id,
        oc1_0.category_id,
        oc1_0.category_name,
        o1_0.orchid_description,
        o1_0.orchid_name,
        o1_0.orchid_url 
    from
        orchids o1_0 
    join
        orchid_categories oc1_0 
            on oc1_0.category_id=o1_0.category_id 
    where
        o1_0.orchid_id=?
Hibernate: 
    select
        o1_0.orchid_id,
        o1_0.is_attractive,
        o1_0.is_natural,
        o1_0.category_id,
        oc1_0.category_id,
        oc1_0.category_name,
        o1_0.orchid_description,
        o1_0.orchid_name,
        o1_0.orchid_url 
    from
        orchids o1_0 
    join
        orchid_categories oc1_0 
            on oc1_0.category_id=o1_0.category_id 
    where
        o1_0.orchid_id=?
2026-10-07T08:19:27.198+07:00 DEBUG 5216 --- [lab4-orchid-api] [nio-8080-exec-6] o.s.w.s.m.m.a.HttpEntityMethodProcessor  : Using 'application/json', given [*/*] and supported [application/json, application/*+json]
2026-10-07T08:19:27.198+07:00 DEBUG 5216 --- [lab4-orchid-api] [nio-8080-exec-6] o.s.w.s.m.m.a.HttpEntityMethodProcessor  : Nothing to write: null body
2026-10-07T08:19:27.198+07:00 DEBUG 5216 --- [lab4-orchid-api] [nio-8080-exec-6] o.s.web.servlet.DispatcherServlet        : Completed 404 NOT_FOUND
2026-10-07T08:19:27.275+07:00 DEBUG 5216 --- [lab4-orchid-api] [nio-8080-exec-7] o.s.web.servlet.DispatcherServlet        : POST "/api/orchids", parameters={}
2026-10-07T08:19:27.277+07:00 DEBUG 5216 --- [lab4-orchid-api] [nio-8080-exec-7] s.w.s.m.m.a.RequestMappingHandlerMapping : Mapped to com.example.orchid.controllers.OrchidController#create(Orchid)
2026-10-07T08:19:27.277+07:00 DEBUG 5216 --- [lab4-orchid-api] [nio-8080-exec-7] m.m.a.RequestResponseBodyMethodProcessor : Read "application/json;charset=UTF-8" to [com.example.orchid.pojos.Orchid@1db475de]
2026-10-07T08:19:27.280+07:00 DEBUG 5216 --- [lab4-orchid-api] [nio-8080-exec-7] org.hibernate.SQL                        : 
    select
        oc1_0.category_id,
        oc1_0.category_name 
    from
        orchid_categories oc1_0 
    where
        oc1_0.category_id=?
Hibernate: 
    select
        oc1_0.category_id,
        oc1_0.category_name 
    from
        orchid_categories oc1_0 
    where
        oc1_0.category_id=?
2026-10-07T08:19:27.285+07:00 DEBUG 5216 --- [lab4-orchid-api] [nio-8080-exec-7] o.s.w.s.m.m.a.HttpEntityMethodProcessor  : Using 'text/plain', given [*/*] and supported [text/plain, */*, application/json, application/*+json]
2026-10-07T08:19:27.285+07:00 DEBUG 5216 --- [lab4-orchid-api] [nio-8080-exec-7] o.s.w.s.m.m.a.HttpEntityMethodProcessor  : Writing ["Category not found: 999999999"]
2026-10-07T08:19:27.285+07:00 DEBUG 5216 --- [lab4-orchid-api] [nio-8080-exec-7] o.s.web.servlet.DispatcherServlet        : Completed 400 BAD_REQUEST
2026-10-07T08:19:27.355+07:00 DEBUG 5216 --- [lab4-orchid-api] [nio-8080-exec-9] o.s.web.servlet.DispatcherServlet        : POST "/api/orchids", parameters={}
2026-10-07T08:19:27.356+07:00 DEBUG 5216 --- [lab4-orchid-api] [nio-8080-exec-9] s.w.s.m.m.a.RequestMappingHandlerMapping : Mapped to com.example.orchid.controllers.OrchidController#create(Orchid)
2026-10-07T08:19:27.356+07:00 DEBUG 5216 --- [lab4-orchid-api] [nio-8080-exec-9] m.m.a.RequestResponseBodyMethodProcessor : Read "application/json;charset=UTF-8" to [com.example.orchid.pojos.Orchid@1f6a27f5]
2026-10-07T08:19:27.358+07:00 DEBUG 5216 --- [lab4-orchid-api] [nio-8080-exec-9] o.s.w.s.m.m.a.HttpEntityMethodProcessor  : Using 'text/plain', given [*/*] and supported [text/plain, */*, application/json, application/*+json]
2026-10-07T08:19:27.358+07:00 DEBUG 5216 --- [lab4-orchid-api] [nio-8080-exec-9] o.s.w.s.m.m.a.HttpEntityMethodProcessor  : Writing ["categoryId is required"]
2026-10-07T08:19:27.359+07:00 DEBUG 5216 --- [lab4-orchid-api] [nio-8080-exec-9] o.s.web.servlet.DispatcherServlet        : Completed 400 BAD_REQUEST
2026-10-07T08:19:27.428+07:00 DEBUG 5216 --- [lab4-orchid-api] [nio-8080-exec-1] o.s.web.servlet.DispatcherServlet        : POST "/api/orchids", parameters={}
2026-10-07T08:19:27.428+07:00 DEBUG 5216 --- [lab4-orchid-api] [nio-8080-exec-1] s.w.s.m.m.a.RequestMappingHandlerMapping : Mapped to com.example.orchid.controllers.OrchidController#create(Orchid)
2026-10-07T08:19:27.433+07:00 DEBUG 5216 --- [lab4-orchid-api] [nio-8080-exec-1] o.s.web.method.HandlerMethod             : Could not resolve parameter [0] in public org.springframework.http.ResponseEntity<?> com.example.orchid.controllers.OrchidController.create(com.example.orchid.pojos.Orchid): JSON parse error: Unexpected end-of-input within/between Object entries
2026-10-07T08:19:27.433+07:00  WARN 5216 --- [lab4-orchid-api] [nio-8080-exec-1] .w.s.m.s.DefaultHandlerExceptionResolver : Resolved [org.springframework.http.converter.HttpMessageNotReadableException: JSON parse error: Unexpected end-of-input within/between Object entries]
2026-10-07T08:19:27.436+07:00 DEBUG 5216 --- [lab4-orchid-api] [nio-8080-exec-1] o.s.web.servlet.DispatcherServlet        : Completed 400 BAD_REQUEST
2026-10-07T08:19:27.436+07:00 DEBUG 5216 --- [lab4-orchid-api] [nio-8080-exec-1] o.s.web.servlet.DispatcherServlet        : "ERROR" dispatch for POST "/error", parameters={}
2026-10-07T08:19:27.436+07:00 DEBUG 5216 --- [lab4-orchid-api] [nio-8080-exec-1] s.w.s.m.m.a.RequestMappingHandlerMapping : Mapped to org.springframework.boot.autoconfigure.web.servlet.error.BasicErrorController#error(HttpServletRequest)
2026-10-07T08:19:27.437+07:00 DEBUG 5216 --- [lab4-orchid-api] [nio-8080-exec-1] o.s.w.s.m.m.a.HttpEntityMethodProcessor  : Using 'application/json', given [*/*] and supported [application/json, application/*+json]
2026-10-07T08:19:27.437+07:00 DEBUG 5216 --- [lab4-orchid-api] [nio-8080-exec-1] o.s.w.s.m.m.a.HttpEntityMethodProcessor  : Writing [{timestamp=Wed Oct 07 08:19:27 ICT 2026, status=400, error=Bad Request, path=/api/orchids}]
2026-10-07T08:19:27.438+07:00 DEBUG 5216 --- [lab4-orchid-api] [nio-8080-exec-1] o.s.web.servlet.DispatcherServlet        : Exiting from "ERROR" dispatch, status 400
2026-10-07T08:19:27.499+07:00 DEBUG 5216 --- [lab4-orchid-api] [nio-8080-exec-2] o.s.web.servlet.DispatcherServlet        : POST "/api/orchids", parameters={}
2026-10-07T08:19:27.499+07:00 DEBUG 5216 --- [lab4-orchid-api] [nio-8080-exec-2] s.w.s.m.m.a.RequestMappingHandlerMapping : Mapped to com.example.orchid.controllers.OrchidController#create(Orchid)
2026-10-07T08:19:27.499+07:00 DEBUG 5216 --- [lab4-orchid-api] [nio-8080-exec-2] m.m.a.RequestResponseBodyMethodProcessor : Read "application/json;charset=UTF-8" to [com.example.orchid.pojos.Orchid@1df3cb66]
2026-10-07T08:19:27.501+07:00 DEBUG 5216 --- [lab4-orchid-api] [nio-8080-exec-2] org.hibernate.SQL                        : 
    select
        oc1_0.category_id,
        oc1_0.category_name 
    from
        orchid_categories oc1_0 
    where
        oc1_0.category_id=?
Hibernate: 
    select
        oc1_0.category_id,
        oc1_0.category_name 
    from
        orchid_categories oc1_0 
    where
        oc1_0.category_id=?
2026-10-07T08:19:27.503+07:00 DEBUG 5216 --- [lab4-orchid-api] [nio-8080-exec-2] org.hibernate.SQL                        : 
    insert 
    into
        orchids
        (is_attractive, is_natural, category_id, orchid_description, orchid_name, orchid_url) 
    values
        (?, ?, ?, ?, ?, ?)
Hibernate: 
    insert 
    into
        orchids
        (is_attractive, is_natural, category_id, orchid_description, orchid_name, orchid_url) 
    values
        (?, ?, ?, ?, ?, ?)
2026-10-07T08:19:27.506+07:00 DEBUG 5216 --- [lab4-orchid-api] [nio-8080-exec-2] o.s.w.s.m.m.a.HttpEntityMethodProcessor  : Using 'application/json', given [*/*] and supported [application/json, application/*+json]
2026-10-07T08:19:27.507+07:00 DEBUG 5216 --- [lab4-orchid-api] [nio-8080-exec-2] o.s.w.s.m.m.a.HttpEntityMethodProcessor  : Writing [com.example.orchid.pojos.Orchid@1df3cb66]
2026-10-07T08:19:27.507+07:00 DEBUG 5216 --- [lab4-orchid-api] [nio-8080-exec-2] o.s.web.servlet.DispatcherServlet        : Completed 201 CREATED
2026-10-07T08:19:27.551+07:00 DEBUG 5216 --- [lab4-orchid-api] [nio-8080-exec-4] o.s.web.servlet.DispatcherServlet        : DELETE "/api/orchids/2", parameters={}
2026-10-07T08:19:27.551+07:00 DEBUG 5216 --- [lab4-orchid-api] [nio-8080-exec-4] s.w.s.m.m.a.RequestMappingHandlerMapping : Mapped to com.example.orchid.controllers.OrchidController#delete(Long)
2026-10-07T08:19:27.961+07:00 DEBUG 5216 --- [lab4-orchid-api] [nio-8080-exec-4] org.hibernate.SQL                        : 
    select
        count_big(*) 
    from
        orchids o1_0 
    where
        o1_0.orchid_id=?
Hibernate: 
    select
        count_big(*) 
    from
        orchids o1_0 
    where
        o1_0.orchid_id=?
2026-10-07T08:19:27.967+07:00 DEBUG 5216 --- [lab4-orchid-api] [nio-8080-exec-4] org.hibernate.SQL                        : 
    select
        o1_0.orchid_id,
        o1_0.is_attractive,
        o1_0.is_natural,
        o1_0.category_id,
        oc1_0.category_id,
        oc1_0.category_name,
        o1_0.orchid_description,
        o1_0.orchid_name,
        o1_0.orchid_url 
    from
        orchids o1_0 
    join
        orchid_categories oc1_0 
            on oc1_0.category_id=o1_0.category_id 
    where
        o1_0.orchid_id=?
Hibernate: 
    select
        o1_0.orchid_id,
        o1_0.is_attractive,
        o1_0.is_natural,
        o1_0.category_id,
        oc1_0.category_id,
        oc1_0.category_name,
        o1_0.orchid_description,
        o1_0.orchid_name,
        o1_0.orchid_url 
    from
        orchids o1_0 
    join
        orchid_categories oc1_0 
            on oc1_0.category_id=o1_0.category_id 
    where
        o1_0.orchid_id=?
2026-10-07T08:19:27.978+07:00 DEBUG 5216 --- [lab4-orchid-api] [nio-8080-exec-4] org.hibernate.SQL                        : 
    delete 
    from
        orchids 
    where
        orchid_id=?
Hibernate: 
    delete 
    from
        orchids 
    where
        orchid_id=?
2026-10-07T08:19:27.984+07:00 DEBUG 5216 --- [lab4-orchid-api] [nio-8080-exec-4] o.s.w.s.m.m.a.HttpEntityMethodProcessor  : Using 'application/json', given [*/*] and supported [application/json, application/*+json]
2026-10-07T08:19:27.985+07:00 DEBUG 5216 --- [lab4-orchid-api] [nio-8080-exec-4] o.s.w.s.m.m.a.HttpEntityMethodProcessor  : Nothing to write: null body
2026-10-07T08:19:27.985+07:00 DEBUG 5216 --- [lab4-orchid-api] [nio-8080-exec-4] o.s.web.servlet.DispatcherServlet        : Completed 204 NO_CONTENT
2026-10-07T08:19:28.035+07:00 DEBUG 5216 --- [lab4-orchid-api] [nio-8080-exec-5] o.s.web.servlet.DispatcherServlet        : GET "/api/orchid", parameters={}
2026-10-07T08:19:28.035+07:00 DEBUG 5216 --- [lab4-orchid-api] [nio-8080-exec-5] o.s.w.s.handler.SimpleUrlHandlerMapping  : Mapped to ResourceHttpRequestHandler [classpath [META-INF/resources/], classpath [resources/], classpath [static/], classpath [public/], ServletContext [/]]
2026-10-07T08:19:28.037+07:00 DEBUG 5216 --- [lab4-orchid-api] [nio-8080-exec-5] o.s.w.s.r.ResourceHttpRequestHandler     : Resource not found
2026-10-07T08:19:28.038+07:00 DEBUG 5216 --- [lab4-orchid-api] [nio-8080-exec-5] .w.s.m.s.DefaultHandlerExceptionResolver : Resolved [org.springframework.web.servlet.resource.NoResourceFoundException: No static resource api/orchid.]
2026-10-07T08:19:28.038+07:00 DEBUG 5216 --- [lab4-orchid-api] [nio-8080-exec-5] o.s.web.servlet.DispatcherServlet        : Completed 404 NOT_FOUND
2026-10-07T08:19:28.038+07:00 DEBUG 5216 --- [lab4-orchid-api] [nio-8080-exec-5] o.s.web.servlet.DispatcherServlet        : "ERROR" dispatch for GET "/error", parameters={}
2026-10-07T08:19:28.038+07:00 DEBUG 5216 --- [lab4-orchid-api] [nio-8080-exec-5] s.w.s.m.m.a.RequestMappingHandlerMapping : Mapped to org.springframework.boot.autoconfigure.web.servlet.error.BasicErrorController#error(HttpServletRequest)
2026-10-07T08:19:28.039+07:00 DEBUG 5216 --- [lab4-orchid-api] [nio-8080-exec-5] o.s.w.s.m.m.a.HttpEntityMethodProcessor  : Using 'application/json', given [*/*] and supported [application/json, application/*+json]
2026-10-07T08:19:28.039+07:00 DEBUG 5216 --- [lab4-orchid-api] [nio-8080-exec-5] o.s.w.s.m.m.a.HttpEntityMethodProcessor  : Writing [{timestamp=Wed Oct 07 08:19:28 ICT 2026, status=404, error=Not Found, path=/api/orchid}]
2026-10-07T08:19:28.040+07:00 DEBUG 5216 --- [lab4-orchid-api] [nio-8080-exec-5] o.s.web.servlet.DispatcherServlet        : Exiting from "ERROR" dispatch, status 404
2026-10-07T08:19:28.110+07:00 DEBUG 5216 --- [lab4-orchid-api] [nio-8080-exec-6] o.s.web.servlet.DispatcherServlet        : GET "/api/orchids", parameters={}
2026-10-07T08:19:28.110+07:00 DEBUG 5216 --- [lab4-orchid-api] [nio-8080-exec-6] s.w.s.m.m.a.RequestMappingHandlerMapping : Mapped to com.example.orchid.controllers.OrchidController#getAll(String)
2026-10-07T08:19:28.112+07:00 DEBUG 5216 --- [lab4-orchid-api] [nio-8080-exec-6] org.hibernate.SQL                        : 
    select
        o1_0.orchid_id,
        o1_0.is_attractive,
        o1_0.is_natural,
        o1_0.category_id,
        o1_0.orchid_description,
        o1_0.orchid_name,
        o1_0.orchid_url 
    from
        orchids o1_0
Hibernate: 
    select
        o1_0.orchid_id,
        o1_0.is_attractive,
        o1_0.is_natural,
        o1_0.category_id,
        o1_0.orchid_description,
        o1_0.orchid_name,
        o1_0.orchid_url 
    from
        orchids o1_0
2026-10-07T08:19:28.114+07:00 DEBUG 5216 --- [lab4-orchid-api] [nio-8080-exec-6] org.hibernate.SQL                        : 
    select
        oc1_0.category_id,
        oc1_0.category_name 
    from
        orchid_categories oc1_0 
    where
        oc1_0.category_id=?
Hibernate: 
    select
        oc1_0.category_id,
        oc1_0.category_name 
    from
        orchid_categories oc1_0 
    where
        oc1_0.category_id=?
2026-10-07T08:19:28.117+07:00 DEBUG 5216 --- [lab4-orchid-api] [nio-8080-exec-6] m.m.a.RequestResponseBodyMethodProcessor : Using 'application/json', given [*/*] and supported [application/json, application/*+json]
2026-10-07T08:19:28.117+07:00 DEBUG 5216 --- [lab4-orchid-api] [nio-8080-exec-6] m.m.a.RequestResponseBodyMethodProcessor : Writing [[com.example.orchid.pojos.Orchid@5f2409fe]]
2026-10-07T08:19:28.118+07:00 DEBUG 5216 --- [lab4-orchid-api] [nio-8080-exec-6] o.s.web.servlet.DispatcherServlet        : Completed 200 OK
2026-10-07T08:19:28.178+07:00 DEBUG 5216 --- [lab4-orchid-api] [nio-8080-exec-7] o.s.web.servlet.DispatcherServlet        : PUT "/api/orchids/", parameters={}
2026-10-07T08:19:28.178+07:00 DEBUG 5216 --- [lab4-orchid-api] [nio-8080-exec-7] o.s.w.s.handler.SimpleUrlHandlerMapping  : Mapped to ResourceHttpRequestHandler [classpath [META-INF/resources/], classpath [resources/], classpath [static/], classpath [public/], ServletContext [/]]
2026-10-07T08:19:28.179+07:00 DEBUG 5216 --- [lab4-orchid-api] [nio-8080-exec-7] o.s.w.s.r.ResourceHttpRequestHandler     : Resource not found
2026-10-07T08:19:28.179+07:00 DEBUG 5216 --- [lab4-orchid-api] [nio-8080-exec-7] .w.s.m.s.DefaultHandlerExceptionResolver : Resolved [org.springframework.web.servlet.resource.NoResourceFoundException: No static resource api/orchids.]
2026-10-07T08:19:28.180+07:00 DEBUG 5216 --- [lab4-orchid-api] [nio-8080-exec-7] o.s.web.servlet.DispatcherServlet        : Completed 404 NOT_FOUND
2026-10-07T08:19:28.180+07:00 DEBUG 5216 --- [lab4-orchid-api] [nio-8080-exec-7] o.s.web.servlet.DispatcherServlet        : "ERROR" dispatch for PUT "/error", parameters={}
2026-10-07T08:19:28.181+07:00 DEBUG 5216 --- [lab4-orchid-api] [nio-8080-exec-7] s.w.s.m.m.a.RequestMappingHandlerMapping : Mapped to org.springframework.boot.autoconfigure.web.servlet.error.BasicErrorController#error(HttpServletRequest)
2026-10-07T08:19:28.181+07:00 DEBUG 5216 --- [lab4-orchid-api] [nio-8080-exec-7] o.s.w.s.m.m.a.HttpEntityMethodProcessor  : Using 'application/json', given [*/*] and supported [application/json, application/*+json]
2026-10-07T08:19:28.181+07:00 DEBUG 5216 --- [lab4-orchid-api] [nio-8080-exec-7] o.s.w.s.m.m.a.HttpEntityMethodProcessor  : Writing [{timestamp=Wed Oct 07 08:19:28 ICT 2026, status=404, error=Not Found, path=/api/orchids/}]
2026-10-07T08:19:28.181+07:00 DEBUG 5216 --- [lab4-orchid-api] [nio-8080-exec-7] o.s.web.servlet.DispatcherServlet        : Exiting from "ERROR" dispatch, status 404
2026-10-07T08:19:28.266+07:00 DEBUG 5216 --- [lab4-orchid-api] [nio-8080-exec-8] o.s.web.servlet.DispatcherServlet        : GET "/api/orchids/", parameters={}
2026-10-07T08:19:28.266+07:00 DEBUG 5216 --- [lab4-orchid-api] [nio-8080-exec-8] o.s.w.s.handler.SimpleUrlHandlerMapping  : Mapped to ResourceHttpRequestHandler [classpath [META-INF/resources/], classpath [resources/], classpath [static/], classpath [public/], ServletContext [/]]
2026-10-07T08:19:28.266+07:00 DEBUG 5216 --- [lab4-orchid-api] [nio-8080-exec-8] o.s.w.s.r.ResourceHttpRequestHandler     : Resource not found
2026-10-07T08:19:28.271+07:00 DEBUG 5216 --- [lab4-orchid-api] [nio-8080-exec-8] .w.s.m.s.DefaultHandlerExceptionResolver : Resolved [org.springframework.web.servlet.resource.NoResourceFoundException: No static resource api/orchids.]
2026-10-07T08:19:28.271+07:00 DEBUG 5216 --- [lab4-orchid-api] [nio-8080-exec-8] o.s.web.servlet.DispatcherServlet        : Completed 404 NOT_FOUND
2026-10-07T08:19:28.272+07:00 DEBUG 5216 --- [lab4-orchid-api] [nio-8080-exec-8] o.s.web.servlet.DispatcherServlet        : "ERROR" dispatch for GET "/error", parameters={}
2026-10-07T08:19:28.273+07:00 DEBUG 5216 --- [lab4-orchid-api] [nio-8080-exec-8] s.w.s.m.m.a.RequestMappingHandlerMapping : Mapped to org.springframework.boot.autoconfigure.web.servlet.error.BasicErrorController#error(HttpServletRequest)
2026-10-07T08:19:28.273+07:00 DEBUG 5216 --- [lab4-orchid-api] [nio-8080-exec-8] o.s.w.s.m.m.a.HttpEntityMethodProcessor  : Using 'application/json', given [*/*] and supported [application/json, application/*+json]
2026-10-07T08:19:28.273+07:00 DEBUG 5216 --- [lab4-orchid-api] [nio-8080-exec-8] o.s.w.s.m.m.a.HttpEntityMethodProcessor  : Writing [{timestamp=Wed Oct 07 08:19:28 ICT 2026, status=404, error=Not Found, path=/api/orchids/}]
2026-10-07T08:19:28.273+07:00 DEBUG 5216 --- [lab4-orchid-api] [nio-8080-exec-8] o.s.web.servlet.DispatcherServlet        : Exiting from "ERROR" dispatch, status 404
2026-10-07T08:19:28.320+07:00 DEBUG 5216 --- [lab4-orchid-api] [nio-8080-exec-9] o.s.web.servlet.DispatcherServlet        : PUT "/api/orchids/", parameters={}
2026-10-07T08:19:28.320+07:00 DEBUG 5216 --- [lab4-orchid-api] [nio-8080-exec-9] o.s.w.s.handler.SimpleUrlHandlerMapping  : Mapped to ResourceHttpRequestHandler [classpath [META-INF/resources/], classpath [resources/], classpath [static/], classpath [public/], ServletContext [/]]
2026-10-07T08:19:28.325+07:00 DEBUG 5216 --- [lab4-orchid-api] [nio-8080-exec-9] o.s.w.s.r.ResourceHttpRequestHandler     : Resource not found
2026-10-07T08:19:28.325+07:00 DEBUG 5216 --- [lab4-orchid-api] [nio-8080-exec-9] .w.s.m.s.DefaultHandlerExceptionResolver : Resolved [org.springframework.web.servlet.resource.NoResourceFoundException: No static resource api/orchids.]
2026-10-07T08:19:28.325+07:00 DEBUG 5216 --- [lab4-orchid-api] [nio-8080-exec-9] o.s.web.servlet.DispatcherServlet        : Completed 404 NOT_FOUND
2026-10-07T08:19:28.325+07:00 DEBUG 5216 --- [lab4-orchid-api] [nio-8080-exec-9] o.s.web.servlet.DispatcherServlet        : "ERROR" dispatch for PUT "/error", parameters={}
2026-10-07T08:19:28.326+07:00 DEBUG 5216 --- [lab4-orchid-api] [nio-8080-exec-9] s.w.s.m.m.a.RequestMappingHandlerMapping : Mapped to org.springframework.boot.autoconfigure.web.servlet.error.BasicErrorController#error(HttpServletRequest)
2026-10-07T08:19:28.326+07:00 DEBUG 5216 --- [lab4-orchid-api] [nio-8080-exec-9] o.s.w.s.m.m.a.HttpEntityMethodProcessor  : Using 'application/json', given [*/*] and supported [application/json, application/*+json]
2026-10-07T08:19:28.328+07:00 DEBUG 5216 --- [lab4-orchid-api] [nio-8080-exec-9] o.s.w.s.m.m.a.HttpEntityMethodProcessor  : Writing [{timestamp=Wed Oct 07 08:19:28 ICT 2026, status=404, error=Not Found, path=/api/orchids/}]
2026-10-07T08:19:28.328+07:00 DEBUG 5216 --- [lab4-orchid-api] [nio-8080-exec-9] o.s.web.servlet.DispatcherServlet        : Exiting from "ERROR" dispatch, status 404
2026-10-07T08:19:28.399+07:00 DEBUG 5216 --- [lab4-orchid-api] [io-8080-exec-10] o.s.web.servlet.DispatcherServlet        : GET "/api/orchids/", parameters={}
2026-10-07T08:19:28.399+07:00 DEBUG 5216 --- [lab4-orchid-api] [io-8080-exec-10] o.s.w.s.handler.SimpleUrlHandlerMapping  : Mapped to ResourceHttpRequestHandler [classpath [META-INF/resources/], classpath [resources/], classpath [static/], classpath [public/], ServletContext [/]]
2026-10-07T08:19:28.401+07:00 DEBUG 5216 --- [lab4-orchid-api] [io-8080-exec-10] o.s.w.s.r.ResourceHttpRequestHandler     : Resource not found
2026-10-07T08:19:28.401+07:00 DEBUG 5216 --- [lab4-orchid-api] [io-8080-exec-10] .w.s.m.s.DefaultHandlerExceptionResolver : Resolved [org.springframework.web.servlet.resource.NoResourceFoundException: No static resource api/orchids.]
2026-10-07T08:19:28.401+07:00 DEBUG 5216 --- [lab4-orchid-api] [io-8080-exec-10] o.s.web.servlet.DispatcherServlet        : Completed 404 NOT_FOUND
2026-10-07T08:19:28.401+07:00 DEBUG 5216 --- [lab4-orchid-api] [io-8080-exec-10] o.s.web.servlet.DispatcherServlet        : "ERROR" dispatch for GET "/error", parameters={}
2026-10-07T08:19:28.402+07:00 DEBUG 5216 --- [lab4-orchid-api] [io-8080-exec-10] s.w.s.m.m.a.RequestMappingHandlerMapping : Mapped to org.springframework.boot.autoconfigure.web.servlet.error.BasicErrorController#error(HttpServletRequest)
2026-10-07T08:19:28.402+07:00 DEBUG 5216 --- [lab4-orchid-api] [io-8080-exec-10] o.s.w.s.m.m.a.HttpEntityMethodProcessor  : Using 'application/json', given [*/*] and supported [application/json, application/*+json]
2026-10-07T08:19:28.402+07:00 DEBUG 5216 --- [lab4-orchid-api] [io-8080-exec-10] o.s.w.s.m.m.a.HttpEntityMethodProcessor  : Writing [{timestamp=Wed Oct 07 08:19:28 ICT 2026, status=404, error=Not Found, path=/api/orchids/}]
2026-10-07T08:19:28.403+07:00 DEBUG 5216 --- [lab4-orchid-api] [io-8080-exec-10] o.s.web.servlet.DispatcherServlet        : Exiting from "ERROR" dispatch, status 404
2026-10-07T08:19:28.459+07:00 DEBUG 5216 --- [lab4-orchid-api] [nio-8080-exec-1] o.s.web.servlet.DispatcherServlet        : PUT "/api/orchids/999999999", parameters={}
2026-10-07T08:19:28.461+07:00 DEBUG 5216 --- [lab4-orchid-api] [nio-8080-exec-1] s.w.s.m.m.a.RequestMappingHandlerMapping : Mapped to com.example.orchid.controllers.OrchidController#update(Long, Orchid)
2026-10-07T08:19:28.462+07:00 DEBUG 5216 --- [lab4-orchid-api] [nio-8080-exec-1] m.m.a.RequestResponseBodyMethodProcessor : Read "application/json;charset=UTF-8" to [com.example.orchid.pojos.Orchid@283428f4]
2026-10-07T08:19:28.464+07:00 DEBUG 5216 --- [lab4-orchid-api] [nio-8080-exec-1] org.hibernate.SQL                        : 
    select
        o1_0.orchid_id,
        o1_0.is_attractive,
        o1_0.is_natural,
        o1_0.category_id,
        oc1_0.category_id,
        oc1_0.category_name,
        o1_0.orchid_description,
        o1_0.orchid_name,
        o1_0.orchid_url 
    from
        orchids o1_0 
    join
        orchid_categories oc1_0 
            on oc1_0.category_id=o1_0.category_id 
    where
        o1_0.orchid_id=?
Hibernate: 
    select
        o1_0.orchid_id,
        o1_0.is_attractive,
        o1_0.is_natural,
        o1_0.category_id,
        oc1_0.category_id,
        oc1_0.category_name,
        o1_0.orchid_description,
        o1_0.orchid_name,
        o1_0.orchid_url 
    from
        orchids o1_0 
    join
        orchid_categories oc1_0 
            on oc1_0.category_id=o1_0.category_id 
    where
        o1_0.orchid_id=?
2026-10-07T08:19:28.467+07:00 DEBUG 5216 --- [lab4-orchid-api] [nio-8080-exec-1] o.s.w.s.m.m.a.HttpEntityMethodProcessor  : Using 'application/octet-stream', given [*/*] and supported [*/*]
2026-10-07T08:19:28.467+07:00 DEBUG 5216 --- [lab4-orchid-api] [nio-8080-exec-1] o.s.web.servlet.DispatcherServlet        : Completed 404 NOT_FOUND
2026-10-07T08:19:28.517+07:00 DEBUG 5216 --- [lab4-orchid-api] [nio-8080-exec-3] o.s.web.servlet.DispatcherServlet        : DELETE "/api/orchids/", parameters={}
2026-10-07T08:19:28.517+07:00 DEBUG 5216 --- [lab4-orchid-api] [nio-8080-exec-3] o.s.w.s.handler.SimpleUrlHandlerMapping  : Mapped to ResourceHttpRequestHandler [classpath [META-INF/resources/], classpath [resources/], classpath [static/], classpath [public/], ServletContext [/]]
2026-10-07T08:19:28.518+07:00 DEBUG 5216 --- [lab4-orchid-api] [nio-8080-exec-3] o.s.w.s.r.ResourceHttpRequestHandler     : Resource not found
2026-10-07T08:19:28.518+07:00 DEBUG 5216 --- [lab4-orchid-api] [nio-8080-exec-3] .w.s.m.s.DefaultHandlerExceptionResolver : Resolved [org.springframework.web.servlet.resource.NoResourceFoundException: No static resource api/orchids.]
2026-10-07T08:19:28.518+07:00 DEBUG 5216 --- [lab4-orchid-api] [nio-8080-exec-3] o.s.web.servlet.DispatcherServlet        : Completed 404 NOT_FOUND
2026-10-07T08:19:28.518+07:00 DEBUG 5216 --- [lab4-orchid-api] [nio-8080-exec-3] o.s.web.servlet.DispatcherServlet        : "ERROR" dispatch for DELETE "/error", parameters={}
2026-10-07T08:19:28.518+07:00 DEBUG 5216 --- [lab4-orchid-api] [nio-8080-exec-3] s.w.s.m.m.a.RequestMappingHandlerMapping : Mapped to org.springframework.boot.autoconfigure.web.servlet.error.BasicErrorController#error(HttpServletRequest)
2026-10-07T08:19:28.518+07:00 DEBUG 5216 --- [lab4-orchid-api] [nio-8080-exec-3] o.s.w.s.m.m.a.HttpEntityMethodProcessor  : Using 'application/json', given [*/*] and supported [application/json, application/*+json]
2026-10-07T08:19:28.518+07:00 DEBUG 5216 --- [lab4-orchid-api] [nio-8080-exec-3] o.s.w.s.m.m.a.HttpEntityMethodProcessor  : Writing [{timestamp=Wed Oct 07 08:19:28 ICT 2026, status=404, error=Not Found, path=/api/orchids/}]
2026-10-07T08:19:28.518+07:00 DEBUG 5216 --- [lab4-orchid-api] [nio-8080-exec-3] o.s.web.servlet.DispatcherServlet        : Exiting from "ERROR" dispatch, status 404
2026-10-07T08:19:28.603+07:00 DEBUG 5216 --- [lab4-orchid-api] [nio-8080-exec-2] o.s.web.servlet.DispatcherServlet        : GET "/api/orchids/", parameters={}
2026-10-07T08:19:28.604+07:00 DEBUG 5216 --- [lab4-orchid-api] [nio-8080-exec-2] o.s.w.s.handler.SimpleUrlHandlerMapping  : Mapped to ResourceHttpRequestHandler [classpath [META-INF/resources/], classpath [resources/], classpath [static/], classpath [public/], ServletContext [/]]
2026-10-07T08:19:28.605+07:00 DEBUG 5216 --- [lab4-orchid-api] [nio-8080-exec-2] o.s.w.s.r.ResourceHttpRequestHandler     : Resource not found
2026-10-07T08:19:28.605+07:00 DEBUG 5216 --- [lab4-orchid-api] [nio-8080-exec-2] .w.s.m.s.DefaultHandlerExceptionResolver : Resolved [org.springframework.web.servlet.resource.NoResourceFoundException: No static resource api/orchids.]
2026-10-07T08:19:28.605+07:00 DEBUG 5216 --- [lab4-orchid-api] [nio-8080-exec-2] o.s.web.servlet.DispatcherServlet        : Completed 404 NOT_FOUND
2026-10-07T08:19:28.606+07:00 DEBUG 5216 --- [lab4-orchid-api] [nio-8080-exec-2] o.s.web.servlet.DispatcherServlet        : "ERROR" dispatch for GET "/error", parameters={}
2026-10-07T08:19:28.606+07:00 DEBUG 5216 --- [lab4-orchid-api] [nio-8080-exec-2] s.w.s.m.m.a.RequestMappingHandlerMapping : Mapped to org.springframework.boot.autoconfigure.web.servlet.error.BasicErrorController#error(HttpServletRequest)
2026-10-07T08:19:28.608+07:00 DEBUG 5216 --- [lab4-orchid-api] [nio-8080-exec-2] o.s.w.s.m.m.a.HttpEntityMethodProcessor  : Using 'application/json', given [*/*] and supported [application/json, application/*+json]
2026-10-07T08:19:28.608+07:00 DEBUG 5216 --- [lab4-orchid-api] [nio-8080-exec-2] o.s.w.s.m.m.a.HttpEntityMethodProcessor  : Writing [{timestamp=Wed Oct 07 08:19:28 ICT 2026, status=404, error=Not Found, path=/api/orchids/}]
2026-10-07T08:19:28.609+07:00 DEBUG 5216 --- [lab4-orchid-api] [nio-8080-exec-2] o.s.web.servlet.DispatcherServlet        : Exiting from "ERROR" dispatch, status 404
2026-10-07T08:19:28.634+07:00 DEBUG 5216 --- [lab4-orchid-api] [nio-8080-exec-4] o.s.web.servlet.DispatcherServlet        : DELETE "/api/orchids/999999999", parameters={}
2026-10-07T08:19:28.634+07:00 DEBUG 5216 --- [lab4-orchid-api] [nio-8080-exec-4] s.w.s.m.m.a.RequestMappingHandlerMapping : Mapped to com.example.orchid.controllers.OrchidController#delete(Long)
2026-10-07T08:19:28.638+07:00 DEBUG 5216 --- [lab4-orchid-api] [nio-8080-exec-4] org.hibernate.SQL                        : 
    select
        count_big(*) 
    from
        orchids o1_0 
    where
        o1_0.orchid_id=?
Hibernate: 
    select
        count_big(*) 
    from
        orchids o1_0 
    where
        o1_0.orchid_id=?
2026-10-07T08:19:28.641+07:00 DEBUG 5216 --- [lab4-orchid-api] [nio-8080-exec-4] o.s.w.s.m.m.a.HttpEntityMethodProcessor  : Using 'application/json', given [*/*] and supported [application/json, application/*+json]
2026-10-07T08:19:28.641+07:00 DEBUG 5216 --- [lab4-orchid-api] [nio-8080-exec-4] o.s.w.s.m.m.a.HttpEntityMethodProcessor  : Nothing to write: null body
2026-10-07T08:19:28.641+07:00 DEBUG 5216 --- [lab4-orchid-api] [nio-8080-exec-4] o.s.web.servlet.DispatcherServlet        : Completed 404 NOT_FOUND
2026-10-07T08:19:28.685+07:00 DEBUG 5216 --- [lab4-orchid-api] [nio-8080-exec-5] o.s.web.servlet.DispatcherServlet        : POST "/api/orchids", parameters={}
2026-10-07T08:19:28.686+07:00 DEBUG 5216 --- [lab4-orchid-api] [nio-8080-exec-5] s.w.s.m.m.a.RequestMappingHandlerMapping : Mapped to com.example.orchid.controllers.OrchidController#create(Orchid)
2026-10-07T08:19:28.687+07:00 DEBUG 5216 --- [lab4-orchid-api] [nio-8080-exec-5] m.m.a.RequestResponseBodyMethodProcessor : Read "application/json;charset=UTF-8" to [com.example.orchid.pojos.Orchid@67b681d6]
2026-10-07T08:19:28.689+07:00 DEBUG 5216 --- [lab4-orchid-api] [nio-8080-exec-5] org.hibernate.SQL                        : 
    select
        oc1_0.category_id,
        oc1_0.category_name 
    from
        orchid_categories oc1_0 
    where
        oc1_0.category_id=?
Hibernate: 
    select
        oc1_0.category_id,
        oc1_0.category_name 
    from
        orchid_categories oc1_0 
    where
        oc1_0.category_id=?
2026-10-07T08:19:28.691+07:00 DEBUG 5216 --- [lab4-orchid-api] [nio-8080-exec-5] org.hibernate.SQL                        : 
    insert 
    into
        orchids
        (is_attractive, is_natural, category_id, orchid_description, orchid_name, orchid_url) 
    values
        (?, ?, ?, ?, ?, ?)
Hibernate: 
    insert 
    into
        orchids
        (is_attractive, is_natural, category_id, orchid_description, orchid_name, orchid_url) 
    values
        (?, ?, ?, ?, ?, ?)
2026-10-07T08:19:28.695+07:00 DEBUG 5216 --- [lab4-orchid-api] [nio-8080-exec-5] o.s.w.s.m.m.a.HttpEntityMethodProcessor  : Using 'application/json', given [*/*] and supported [application/json, application/*+json]
2026-10-07T08:19:28.695+07:00 DEBUG 5216 --- [lab4-orchid-api] [nio-8080-exec-5] o.s.w.s.m.m.a.HttpEntityMethodProcessor  : Writing [com.example.orchid.pojos.Orchid@67b681d6]
2026-10-07T08:19:28.696+07:00 DEBUG 5216 --- [lab4-orchid-api] [nio-8080-exec-5] o.s.web.servlet.DispatcherServlet        : Completed 201 CREATED
2026-10-07T08:19:28.752+07:00 DEBUG 5216 --- [lab4-orchid-api] [nio-8080-exec-6] o.s.web.servlet.DispatcherServlet        : GET "/api/orchids/3", parameters={}
2026-10-07T08:19:28.753+07:00 DEBUG 5216 --- [lab4-orchid-api] [nio-8080-exec-6] s.w.s.m.m.a.RequestMappingHandlerMapping : Mapped to com.example.orchid.controllers.OrchidController#getById(Long)
2026-10-07T08:19:28.754+07:00 DEBUG 5216 --- [lab4-orchid-api] [nio-8080-exec-6] org.hibernate.SQL                        : 
    select
        o1_0.orchid_id,
        o1_0.is_attractive,
        o1_0.is_natural,
        o1_0.category_id,
        oc1_0.category_id,
        oc1_0.category_name,
        o1_0.orchid_description,
        o1_0.orchid_name,
        o1_0.orchid_url 
    from
        orchids o1_0 
    join
        orchid_categories oc1_0 
            on oc1_0.category_id=o1_0.category_id 
    where
        o1_0.orchid_id=?
Hibernate: 
    select
        o1_0.orchid_id,
        o1_0.is_attractive,
        o1_0.is_natural,
        o1_0.category_id,
        oc1_0.category_id,
        oc1_0.category_name,
        o1_0.orchid_description,
        o1_0.orchid_name,
        o1_0.orchid_url 
    from
        orchids o1_0 
    join
        orchid_categories oc1_0 
            on oc1_0.category_id=o1_0.category_id 
    where
        o1_0.orchid_id=?
2026-10-07T08:19:28.758+07:00 DEBUG 5216 --- [lab4-orchid-api] [nio-8080-exec-6] o.s.w.s.m.m.a.HttpEntityMethodProcessor  : Using 'application/json', given [*/*] and supported [application/json, application/*+json]
2026-10-07T08:19:28.758+07:00 DEBUG 5216 --- [lab4-orchid-api] [nio-8080-exec-6] o.s.w.s.m.m.a.HttpEntityMethodProcessor  : Writing [com.example.orchid.pojos.Orchid@1823a8a2]
2026-10-07T08:19:28.759+07:00 DEBUG 5216 --- [lab4-orchid-api] [nio-8080-exec-6] o.s.web.servlet.DispatcherServlet        : Completed 200 OK
2026-10-07T08:24:16.512+07:00 DEBUG 5216 --- [lab4-orchid-api] [nio-8080-exec-8] o.s.web.servlet.DispatcherServlet        : DELETE "/api/orchids/1", parameters={}
2026-10-07T08:24:16.513+07:00 DEBUG 5216 --- [lab4-orchid-api] [nio-8080-exec-8] s.w.s.m.m.a.RequestMappingHandlerMapping : Mapped to com.example.orchid.controllers.OrchidController#delete(Long)
2026-10-07T08:24:16.525+07:00 DEBUG 5216 --- [lab4-orchid-api] [nio-8080-exec-8] org.hibernate.SQL                        : 
    select
        count_big(*) 
    from
        orchids o1_0 
    where
        o1_0.orchid_id=?
Hibernate: 
    select
        count_big(*) 
    from
        orchids o1_0 
    where
        o1_0.orchid_id=?
2026-10-07T08:24:16.528+07:00 DEBUG 5216 --- [lab4-orchid-api] [nio-8080-exec-8] org.hibernate.SQL                        : 
    select
        o1_0.orchid_id,
        o1_0.is_attractive,
        o1_0.is_natural,
        o1_0.category_id,
        oc1_0.category_id,
        oc1_0.category_name,
        o1_0.orchid_description,
        o1_0.orchid_name,
        o1_0.orchid_url 
    from
        orchids o1_0 
    join
        orchid_categories oc1_0 
            on oc1_0.category_id=o1_0.category_id 
    where
        o1_0.orchid_id=?
Hibernate: 
    select
        o1_0.orchid_id,
        o1_0.is_attractive,
        o1_0.is_natural,
        o1_0.category_id,
        oc1_0.category_id,
        oc1_0.category_name,
        o1_0.orchid_description,
        o1_0.orchid_name,
        o1_0.orchid_url 
    from
        orchids o1_0 
    join
        orchid_categories oc1_0 
            on oc1_0.category_id=o1_0.category_id 
    where
        o1_0.orchid_id=?
2026-10-07T08:24:16.533+07:00 DEBUG 5216 --- [lab4-orchid-api] [nio-8080-exec-8] org.hibernate.SQL                        : 
    delete 
    from
        orchids 
    where
        orchid_id=?
Hibernate: 
    delete 
    from
        orchids 
    where
        orchid_id=?
2026-10-07T08:24:16.538+07:00 DEBUG 5216 --- [lab4-orchid-api] [nio-8080-exec-8] o.s.w.s.m.m.a.HttpEntityMethodProcessor  : Using 'application/json', given [*/*] and supported [application/json, application/*+json]
2026-10-07T08:24:16.538+07:00 DEBUG 5216 --- [lab4-orchid-api] [nio-8080-exec-8] o.s.w.s.m.m.a.HttpEntityMethodProcessor  : Nothing to write: null body
2026-10-07T08:24:16.538+07:00 DEBUG 5216 --- [lab4-orchid-api] [nio-8080-exec-8] o.s.web.servlet.DispatcherServlet        : Completed 204 NO_CONTENT
2026-10-07T08:24:16.547+07:00 DEBUG 5216 --- [lab4-orchid-api] [nio-8080-exec-9] o.s.web.servlet.DispatcherServlet        : DELETE "/api/orchids/3", parameters={}
2026-10-07T08:24:16.548+07:00 DEBUG 5216 --- [lab4-orchid-api] [nio-8080-exec-9] s.w.s.m.m.a.RequestMappingHandlerMapping : Mapped to com.example.orchid.controllers.OrchidController#delete(Long)
2026-10-07T08:24:16.549+07:00 DEBUG 5216 --- [lab4-orchid-api] [nio-8080-exec-9] org.hibernate.SQL                        : 
    select
        count_big(*) 
    from
        orchids o1_0 
    where
        o1_0.orchid_id=?
Hibernate: 
    select
        count_big(*) 
    from
        orchids o1_0 
    where
        o1_0.orchid_id=?
2026-10-07T08:24:16.553+07:00 DEBUG 5216 --- [lab4-orchid-api] [nio-8080-exec-9] org.hibernate.SQL                        : 
    select
        o1_0.orchid_id,
        o1_0.is_attractive,
        o1_0.is_natural,
        o1_0.category_id,
        oc1_0.category_id,
        oc1_0.category_name,
        o1_0.orchid_description,
        o1_0.orchid_name,
        o1_0.orchid_url 
    from
        orchids o1_0 
    join
        orchid_categories oc1_0 
            on oc1_0.category_id=o1_0.category_id 
    where
        o1_0.orchid_id=?
Hibernate: 
    select
        o1_0.orchid_id,
        o1_0.is_attractive,
        o1_0.is_natural,
        o1_0.category_id,
        oc1_0.category_id,
        oc1_0.category_name,
        o1_0.orchid_description,
        o1_0.orchid_name,
        o1_0.orchid_url 
    from
        orchids o1_0 
    join
        orchid_categories oc1_0 
            on oc1_0.category_id=o1_0.category_id 
    where
        o1_0.orchid_id=?
2026-10-07T08:24:16.558+07:00 DEBUG 5216 --- [lab4-orchid-api] [nio-8080-exec-9] org.hibernate.SQL                        : 
    delete 
    from
        orchids 
    where
        orchid_id=?
Hibernate: 
    delete 
    from
        orchids 
    where
        orchid_id=?
2026-10-07T08:24:16.558+07:00 DEBUG 5216 --- [lab4-orchid-api] [nio-8080-exec-9] o.s.w.s.m.m.a.HttpEntityMethodProcessor  : Using 'application/json', given [*/*] and supported [application/json, application/*+json]
2026-10-07T08:24:16.558+07:00 DEBUG 5216 --- [lab4-orchid-api] [nio-8080-exec-9] o.s.w.s.m.m.a.HttpEntityMethodProcessor  : Nothing to write: null body
2026-10-07T08:24:16.558+07:00 DEBUG 5216 --- [lab4-orchid-api] [nio-8080-exec-9] o.s.web.servlet.DispatcherServlet        : Completed 204 NO_CONTENT
2026-10-07T08:24:18.599+07:00 DEBUG 5216 --- [lab4-orchid-api] [nio-8080-exec-1] o.s.web.servlet.DispatcherServlet        : POST "/api/orchids", parameters={}
2026-10-07T08:24:18.599+07:00 DEBUG 5216 --- [lab4-orchid-api] [nio-8080-exec-1] s.w.s.m.m.a.RequestMappingHandlerMapping : Mapped to com.example.orchid.controllers.OrchidController#create(Orchid)
2026-10-07T08:24:18.599+07:00 DEBUG 5216 --- [lab4-orchid-api] [nio-8080-exec-1] m.m.a.RequestResponseBodyMethodProcessor : Read "application/json;charset=UTF-8" to [com.example.orchid.pojos.Orchid@1d037e77]
2026-10-07T08:24:18.599+07:00 DEBUG 5216 --- [lab4-orchid-api] [nio-8080-exec-1] org.hibernate.SQL                        : 
    select
        oc1_0.category_id,
        oc1_0.category_name 
    from
        orchid_categories oc1_0 
    where
        oc1_0.category_id=?
Hibernate: 
    select
        oc1_0.category_id,
        oc1_0.category_name 
    from
        orchid_categories oc1_0 
    where
        oc1_0.category_id=?
2026-10-07T08:24:18.605+07:00 DEBUG 5216 --- [lab4-orchid-api] [nio-8080-exec-1] org.hibernate.SQL                        : 
    insert 
    into
        orchids
        (is_attractive, is_natural, category_id, orchid_description, orchid_name, orchid_url) 
    values
        (?, ?, ?, ?, ?, ?)
Hibernate: 
    insert 
    into
        orchids
        (is_attractive, is_natural, category_id, orchid_description, orchid_name, orchid_url) 
    values
        (?, ?, ?, ?, ?, ?)
2026-10-07T08:24:18.612+07:00 DEBUG 5216 --- [lab4-orchid-api] [nio-8080-exec-1] o.s.w.s.m.m.a.HttpEntityMethodProcessor  : Using 'application/json', given [*/*] and supported [application/json, application/*+json]
2026-10-07T08:24:18.612+07:00 DEBUG 5216 --- [lab4-orchid-api] [nio-8080-exec-1] o.s.w.s.m.m.a.HttpEntityMethodProcessor  : Writing [com.example.orchid.pojos.Orchid@1d037e77]
2026-10-07T08:24:18.612+07:00 DEBUG 5216 --- [lab4-orchid-api] [nio-8080-exec-1] o.s.web.servlet.DispatcherServlet        : Completed 201 CREATED
2026-10-07T08:24:18.694+07:00 DEBUG 5216 --- [lab4-orchid-api] [nio-8080-exec-3] o.s.web.servlet.DispatcherServlet        : GET "/api/orchids/4", parameters={}
2026-10-07T08:24:18.694+07:00 DEBUG 5216 --- [lab4-orchid-api] [nio-8080-exec-3] s.w.s.m.m.a.RequestMappingHandlerMapping : Mapped to com.example.orchid.controllers.OrchidController#getById(Long)
2026-10-07T08:24:18.698+07:00 DEBUG 5216 --- [lab4-orchid-api] [nio-8080-exec-3] org.hibernate.SQL                        : 
    select
        o1_0.orchid_id,
        o1_0.is_attractive,
        o1_0.is_natural,
        o1_0.category_id,
        oc1_0.category_id,
        oc1_0.category_name,
        o1_0.orchid_description,
        o1_0.orchid_name,
        o1_0.orchid_url 
    from
        orchids o1_0 
    join
        orchid_categories oc1_0 
            on oc1_0.category_id=o1_0.category_id 
    where
        o1_0.orchid_id=?
Hibernate: 
    select
        o1_0.orchid_id,
        o1_0.is_attractive,
        o1_0.is_natural,
        o1_0.category_id,
        oc1_0.category_id,
        oc1_0.category_name,
        o1_0.orchid_description,
        o1_0.orchid_name,
        o1_0.orchid_url 
    from
        orchids o1_0 
    join
        orchid_categories oc1_0 
            on oc1_0.category_id=o1_0.category_id 
    where
        o1_0.orchid_id=?
2026-10-07T08:24:18.704+07:00 DEBUG 5216 --- [lab4-orchid-api] [nio-8080-exec-3] o.s.w.s.m.m.a.HttpEntityMethodProcessor  : Using 'application/json', given [*/*] and supported [application/json, application/*+json]
2026-10-07T08:24:18.704+07:00 DEBUG 5216 --- [lab4-orchid-api] [nio-8080-exec-3] o.s.w.s.m.m.a.HttpEntityMethodProcessor  : Writing [com.example.orchid.pojos.Orchid@3e7b8f29]
2026-10-07T08:24:18.706+07:00 DEBUG 5216 --- [lab4-orchid-api] [nio-8080-exec-3] o.s.web.servlet.DispatcherServlet        : Completed 200 OK
2026-10-07T08:24:18.786+07:00 DEBUG 5216 --- [lab4-orchid-api] [nio-8080-exec-2] o.s.web.servlet.DispatcherServlet        : GET "/api/orchids", parameters={}
2026-10-07T08:24:18.787+07:00 DEBUG 5216 --- [lab4-orchid-api] [nio-8080-exec-2] s.w.s.m.m.a.RequestMappingHandlerMapping : Mapped to com.example.orchid.controllers.OrchidController#getAll(String)
2026-10-07T08:24:18.789+07:00 DEBUG 5216 --- [lab4-orchid-api] [nio-8080-exec-2] org.hibernate.SQL                        : 
    select
        o1_0.orchid_id,
        o1_0.is_attractive,
        o1_0.is_natural,
        o1_0.category_id,
        o1_0.orchid_description,
        o1_0.orchid_name,
        o1_0.orchid_url 
    from
        orchids o1_0
Hibernate: 
    select
        o1_0.orchid_id,
        o1_0.is_attractive,
        o1_0.is_natural,
        o1_0.category_id,
        o1_0.orchid_description,
        o1_0.orchid_name,
        o1_0.orchid_url 
    from
        orchids o1_0
2026-10-07T08:24:18.791+07:00 DEBUG 5216 --- [lab4-orchid-api] [nio-8080-exec-2] org.hibernate.SQL                        : 
    select
        oc1_0.category_id,
        oc1_0.category_name 
    from
        orchid_categories oc1_0 
    where
        oc1_0.category_id=?
Hibernate: 
    select
        oc1_0.category_id,
        oc1_0.category_name 
    from
        orchid_categories oc1_0 
    where
        oc1_0.category_id=?
2026-10-07T08:24:18.794+07:00 DEBUG 5216 --- [lab4-orchid-api] [nio-8080-exec-2] m.m.a.RequestResponseBodyMethodProcessor : Using 'application/json', given [*/*] and supported [application/json, application/*+json]
2026-10-07T08:24:18.794+07:00 DEBUG 5216 --- [lab4-orchid-api] [nio-8080-exec-2] m.m.a.RequestResponseBodyMethodProcessor : Writing [[com.example.orchid.pojos.Orchid@34f352f0]]
2026-10-07T08:24:18.795+07:00 DEBUG 5216 --- [lab4-orchid-api] [nio-8080-exec-2] o.s.web.servlet.DispatcherServlet        : Completed 200 OK
2026-10-07T08:24:18.881+07:00 DEBUG 5216 --- [lab4-orchid-api] [nio-8080-exec-4] o.s.web.servlet.DispatcherServlet        : GET "/api/orchids?name=cAt", parameters={masked}
2026-10-07T08:24:18.882+07:00 DEBUG 5216 --- [lab4-orchid-api] [nio-8080-exec-4] s.w.s.m.m.a.RequestMappingHandlerMapping : Mapped to com.example.orchid.controllers.OrchidController#getAll(String)
2026-10-07T08:24:18.886+07:00 DEBUG 5216 --- [lab4-orchid-api] [nio-8080-exec-4] org.hibernate.SQL                        : 
    select
        o1_0.orchid_id,
        o1_0.is_attractive,
        o1_0.is_natural,
        o1_0.category_id,
        o1_0.orchid_description,
        o1_0.orchid_name,
        o1_0.orchid_url 
    from
        orchids o1_0 
    where
        upper(o1_0.orchid_name) like upper(?) escape '\'
Hibernate: 
    select
        o1_0.orchid_id,
        o1_0.is_attractive,
        o1_0.is_natural,
        o1_0.category_id,
        o1_0.orchid_description,
        o1_0.orchid_name,
        o1_0.orchid_url 
    from
        orchids o1_0 
    where
        upper(o1_0.orchid_name) like upper(?) escape '\'
2026-10-07T08:24:18.891+07:00 DEBUG 5216 --- [lab4-orchid-api] [nio-8080-exec-4] org.hibernate.SQL                        : 
    select
        oc1_0.category_id,
        oc1_0.category_name 
    from
        orchid_categories oc1_0 
    where
        oc1_0.category_id=?
Hibernate: 
    select
        oc1_0.category_id,
        oc1_0.category_name 
    from
        orchid_categories oc1_0 
    where
        oc1_0.category_id=?
2026-10-07T08:24:18.896+07:00 DEBUG 5216 --- [lab4-orchid-api] [nio-8080-exec-4] m.m.a.RequestResponseBodyMethodProcessor : Using 'application/json', given [*/*] and supported [application/json, application/*+json]
2026-10-07T08:24:18.897+07:00 DEBUG 5216 --- [lab4-orchid-api] [nio-8080-exec-4] m.m.a.RequestResponseBodyMethodProcessor : Writing [[com.example.orchid.pojos.Orchid@7e60e18d]]
2026-10-07T08:24:18.897+07:00 DEBUG 5216 --- [lab4-orchid-api] [nio-8080-exec-4] o.s.web.servlet.DispatcherServlet        : Completed 200 OK
2026-10-07T08:24:18.991+07:00 DEBUG 5216 --- [lab4-orchid-api] [nio-8080-exec-5] o.s.web.servlet.DispatcherServlet        : GET "/api/orchids/999999999", parameters={}
2026-10-07T08:24:18.991+07:00 DEBUG 5216 --- [lab4-orchid-api] [nio-8080-exec-5] s.w.s.m.m.a.RequestMappingHandlerMapping : Mapped to com.example.orchid.controllers.OrchidController#getById(Long)
2026-10-07T08:24:18.992+07:00 DEBUG 5216 --- [lab4-orchid-api] [nio-8080-exec-5] org.hibernate.SQL                        : 
    select
        o1_0.orchid_id,
        o1_0.is_attractive,
        o1_0.is_natural,
        o1_0.category_id,
        oc1_0.category_id,
        oc1_0.category_name,
        o1_0.orchid_description,
        o1_0.orchid_name,
        o1_0.orchid_url 
    from
        orchids o1_0 
    join
        orchid_categories oc1_0 
            on oc1_0.category_id=o1_0.category_id 
    where
        o1_0.orchid_id=?
Hibernate: 
    select
        o1_0.orchid_id,
        o1_0.is_attractive,
        o1_0.is_natural,
        o1_0.category_id,
        oc1_0.category_id,
        oc1_0.category_name,
        o1_0.orchid_description,
        o1_0.orchid_name,
        o1_0.orchid_url 
    from
        orchids o1_0 
    join
        orchid_categories oc1_0 
            on oc1_0.category_id=o1_0.category_id 
    where
        o1_0.orchid_id=?
2026-10-07T08:24:18.998+07:00 DEBUG 5216 --- [lab4-orchid-api] [nio-8080-exec-5] o.s.w.s.m.m.a.HttpEntityMethodProcessor  : Using 'application/json', given [*/*] and supported [application/json, application/*+json]
2026-10-07T08:24:18.998+07:00 DEBUG 5216 --- [lab4-orchid-api] [nio-8080-exec-5] o.s.w.s.m.m.a.HttpEntityMethodProcessor  : Nothing to write: null body
2026-10-07T08:24:18.998+07:00 DEBUG 5216 --- [lab4-orchid-api] [nio-8080-exec-5] o.s.web.servlet.DispatcherServlet        : Completed 404 NOT_FOUND
2026-10-07T08:24:19.087+07:00 DEBUG 5216 --- [lab4-orchid-api] [nio-8080-exec-6] o.s.web.servlet.DispatcherServlet        : POST "/api/orchids", parameters={}
2026-10-07T08:24:19.087+07:00 DEBUG 5216 --- [lab4-orchid-api] [nio-8080-exec-6] s.w.s.m.m.a.RequestMappingHandlerMapping : Mapped to com.example.orchid.controllers.OrchidController#create(Orchid)
2026-10-07T08:24:19.089+07:00 DEBUG 5216 --- [lab4-orchid-api] [nio-8080-exec-6] m.m.a.RequestResponseBodyMethodProcessor : Read "application/json;charset=UTF-8" to [com.example.orchid.pojos.Orchid@782ef900]
2026-10-07T08:24:19.100+07:00 DEBUG 5216 --- [lab4-orchid-api] [nio-8080-exec-6] org.hibernate.SQL                        : 
    select
        oc1_0.category_id,
        oc1_0.category_name 
    from
        orchid_categories oc1_0 
    where
        oc1_0.category_id=?
Hibernate: 
    select
        oc1_0.category_id,
        oc1_0.category_name 
    from
        orchid_categories oc1_0 
    where
        oc1_0.category_id=?
2026-10-07T08:24:19.106+07:00 DEBUG 5216 --- [lab4-orchid-api] [nio-8080-exec-6] o.s.w.s.m.m.a.HttpEntityMethodProcessor  : Using 'text/plain', given [*/*] and supported [text/plain, */*, application/json, application/*+json]
2026-10-07T08:24:19.106+07:00 DEBUG 5216 --- [lab4-orchid-api] [nio-8080-exec-6] o.s.w.s.m.m.a.HttpEntityMethodProcessor  : Writing ["Category not found: 999999999"]
2026-10-07T08:24:19.108+07:00 DEBUG 5216 --- [lab4-orchid-api] [nio-8080-exec-6] o.s.web.servlet.DispatcherServlet        : Completed 400 BAD_REQUEST
2026-10-07T08:24:19.205+07:00 DEBUG 5216 --- [lab4-orchid-api] [nio-8080-exec-7] o.s.web.servlet.DispatcherServlet        : POST "/api/orchids", parameters={}
2026-10-07T08:24:19.205+07:00 DEBUG 5216 --- [lab4-orchid-api] [nio-8080-exec-7] s.w.s.m.m.a.RequestMappingHandlerMapping : Mapped to com.example.orchid.controllers.OrchidController#create(Orchid)
2026-10-07T08:24:19.206+07:00 DEBUG 5216 --- [lab4-orchid-api] [nio-8080-exec-7] m.m.a.RequestResponseBodyMethodProcessor : Read "application/json;charset=UTF-8" to [com.example.orchid.pojos.Orchid@4de6d0b0]
2026-10-07T08:24:19.209+07:00 DEBUG 5216 --- [lab4-orchid-api] [nio-8080-exec-7] o.s.w.s.m.m.a.HttpEntityMethodProcessor  : Using 'text/plain', given [*/*] and supported [text/plain, */*, application/json, application/*+json]
2026-10-07T08:24:19.209+07:00 DEBUG 5216 --- [lab4-orchid-api] [nio-8080-exec-7] o.s.w.s.m.m.a.HttpEntityMethodProcessor  : Writing ["categoryId is required"]
2026-10-07T08:24:19.210+07:00 DEBUG 5216 --- [lab4-orchid-api] [nio-8080-exec-7] o.s.web.servlet.DispatcherServlet        : Completed 400 BAD_REQUEST
2026-10-07T08:24:19.289+07:00 DEBUG 5216 --- [lab4-orchid-api] [io-8080-exec-10] o.s.web.servlet.DispatcherServlet        : POST "/api/orchids", parameters={}
2026-10-07T08:24:19.290+07:00 DEBUG 5216 --- [lab4-orchid-api] [io-8080-exec-10] s.w.s.m.m.a.RequestMappingHandlerMapping : Mapped to com.example.orchid.controllers.OrchidController#create(Orchid)
2026-10-07T08:24:19.291+07:00 DEBUG 5216 --- [lab4-orchid-api] [io-8080-exec-10] o.s.web.method.HandlerMethod             : Could not resolve parameter [0] in public org.springframework.http.ResponseEntity<?> com.example.orchid.controllers.OrchidController.create(com.example.orchid.pojos.Orchid): JSON parse error: Unexpected end-of-input within/between Object entries
2026-10-07T08:24:19.292+07:00  WARN 5216 --- [lab4-orchid-api] [io-8080-exec-10] .w.s.m.s.DefaultHandlerExceptionResolver : Resolved [org.springframework.http.converter.HttpMessageNotReadableException: JSON parse error: Unexpected end-of-input within/between Object entries]
2026-10-07T08:24:19.292+07:00 DEBUG 5216 --- [lab4-orchid-api] [io-8080-exec-10] o.s.web.servlet.DispatcherServlet        : Completed 400 BAD_REQUEST
2026-10-07T08:24:19.292+07:00 DEBUG 5216 --- [lab4-orchid-api] [io-8080-exec-10] o.s.web.servlet.DispatcherServlet        : "ERROR" dispatch for POST "/error", parameters={}
2026-10-07T08:24:19.293+07:00 DEBUG 5216 --- [lab4-orchid-api] [io-8080-exec-10] s.w.s.m.m.a.RequestMappingHandlerMapping : Mapped to org.springframework.boot.autoconfigure.web.servlet.error.BasicErrorController#error(HttpServletRequest)
2026-10-07T08:24:19.293+07:00 DEBUG 5216 --- [lab4-orchid-api] [io-8080-exec-10] o.s.w.s.m.m.a.HttpEntityMethodProcessor  : Using 'application/json', given [*/*] and supported [application/json, application/*+json]
2026-10-07T08:24:19.294+07:00 DEBUG 5216 --- [lab4-orchid-api] [io-8080-exec-10] o.s.w.s.m.m.a.HttpEntityMethodProcessor  : Writing [{timestamp=Wed Oct 07 08:24:19 ICT 2026, status=400, error=Bad Request, path=/api/orchids}]
2026-10-07T08:24:19.294+07:00 DEBUG 5216 --- [lab4-orchid-api] [io-8080-exec-10] o.s.web.servlet.DispatcherServlet        : Exiting from "ERROR" dispatch, status 400
2026-10-07T08:24:19.379+07:00 DEBUG 5216 --- [lab4-orchid-api] [nio-8080-exec-3] o.s.web.servlet.DispatcherServlet        : POST "/api/orchids", parameters={}
2026-10-07T08:24:19.379+07:00 DEBUG 5216 --- [lab4-orchid-api] [nio-8080-exec-3] s.w.s.m.m.a.RequestMappingHandlerMapping : Mapped to com.example.orchid.controllers.OrchidController#create(Orchid)
2026-10-07T08:24:19.379+07:00 DEBUG 5216 --- [lab4-orchid-api] [nio-8080-exec-3] m.m.a.RequestResponseBodyMethodProcessor : Read "application/json;charset=UTF-8" to [com.example.orchid.pojos.Orchid@516e185d]
2026-10-07T08:24:19.385+07:00 DEBUG 5216 --- [lab4-orchid-api] [nio-8080-exec-3] org.hibernate.SQL                        : 
    select
        oc1_0.category_id,
        oc1_0.category_name 
    from
        orchid_categories oc1_0 
    where
        oc1_0.category_id=?
Hibernate: 
    select
        oc1_0.category_id,
        oc1_0.category_name 
    from
        orchid_categories oc1_0 
    where
        oc1_0.category_id=?
2026-10-07T08:24:19.390+07:00 DEBUG 5216 --- [lab4-orchid-api] [nio-8080-exec-3] org.hibernate.SQL                        : 
    insert 
    into
        orchids
        (is_attractive, is_natural, category_id, orchid_description, orchid_name, orchid_url) 
    values
        (?, ?, ?, ?, ?, ?)
Hibernate: 
    insert 
    into
        orchids
        (is_attractive, is_natural, category_id, orchid_description, orchid_name, orchid_url) 
    values
        (?, ?, ?, ?, ?, ?)
2026-10-07T08:24:19.399+07:00 DEBUG 5216 --- [lab4-orchid-api] [nio-8080-exec-3] o.s.w.s.m.m.a.HttpEntityMethodProcessor  : Using 'application/json', given [*/*] and supported [application/json, application/*+json]
2026-10-07T08:24:19.399+07:00 DEBUG 5216 --- [lab4-orchid-api] [nio-8080-exec-3] o.s.w.s.m.m.a.HttpEntityMethodProcessor  : Writing [com.example.orchid.pojos.Orchid@516e185d]
2026-10-07T08:24:19.399+07:00 DEBUG 5216 --- [lab4-orchid-api] [nio-8080-exec-3] o.s.web.servlet.DispatcherServlet        : Completed 201 CREATED
2026-10-07T08:24:19.490+07:00 DEBUG 5216 --- [lab4-orchid-api] [nio-8080-exec-2] o.s.web.servlet.DispatcherServlet        : DELETE "/api/orchids/5", parameters={}
2026-10-07T08:24:19.490+07:00 DEBUG 5216 --- [lab4-orchid-api] [nio-8080-exec-2] s.w.s.m.m.a.RequestMappingHandlerMapping : Mapped to com.example.orchid.controllers.OrchidController#delete(Long)
2026-10-07T08:24:19.490+07:00 DEBUG 5216 --- [lab4-orchid-api] [nio-8080-exec-2] org.hibernate.SQL                        : 
    select
        count_big(*) 
    from
        orchids o1_0 
    where
        o1_0.orchid_id=?
Hibernate: 
    select
        count_big(*) 
    from
        orchids o1_0 
    where
        o1_0.orchid_id=?
2026-10-07T08:24:19.490+07:00 DEBUG 5216 --- [lab4-orchid-api] [nio-8080-exec-2] org.hibernate.SQL                        : 
    select
        o1_0.orchid_id,
        o1_0.is_attractive,
        o1_0.is_natural,
        o1_0.category_id,
        oc1_0.category_id,
        oc1_0.category_name,
        o1_0.orchid_description,
        o1_0.orchid_name,
        o1_0.orchid_url 
    from
        orchids o1_0 
    join
        orchid_categories oc1_0 
            on oc1_0.category_id=o1_0.category_id 
    where
        o1_0.orchid_id=?
Hibernate: 
    select
        o1_0.orchid_id,
        o1_0.is_attractive,
        o1_0.is_natural,
        o1_0.category_id,
        oc1_0.category_id,
        oc1_0.category_name,
        o1_0.orchid_description,
        o1_0.orchid_name,
        o1_0.orchid_url 
    from
        orchids o1_0 
    join
        orchid_categories oc1_0 
            on oc1_0.category_id=o1_0.category_id 
    where
        o1_0.orchid_id=?
2026-10-07T08:24:19.499+07:00 DEBUG 5216 --- [lab4-orchid-api] [nio-8080-exec-2] org.hibernate.SQL                        : 
    delete 
    from
        orchids 
    where
        orchid_id=?
Hibernate: 
    delete 
    from
        orchids 
    where
        orchid_id=?
2026-10-07T08:24:19.500+07:00 DEBUG 5216 --- [lab4-orchid-api] [nio-8080-exec-2] o.s.w.s.m.m.a.HttpEntityMethodProcessor  : Using 'application/json', given [*/*] and supported [application/json, application/*+json]
2026-10-07T08:24:19.500+07:00 DEBUG 5216 --- [lab4-orchid-api] [nio-8080-exec-2] o.s.w.s.m.m.a.HttpEntityMethodProcessor  : Nothing to write: null body
2026-10-07T08:24:19.500+07:00 DEBUG 5216 --- [lab4-orchid-api] [nio-8080-exec-2] o.s.web.servlet.DispatcherServlet        : Completed 204 NO_CONTENT
2026-10-07T08:24:19.585+07:00 DEBUG 5216 --- [lab4-orchid-api] [nio-8080-exec-4] o.s.web.servlet.DispatcherServlet        : GET "/api/orchid", parameters={}
2026-10-07T08:24:19.585+07:00 DEBUG 5216 --- [lab4-orchid-api] [nio-8080-exec-4] o.s.w.s.handler.SimpleUrlHandlerMapping  : Mapped to ResourceHttpRequestHandler [classpath [META-INF/resources/], classpath [resources/], classpath [static/], classpath [public/], ServletContext [/]]
2026-10-07T08:24:19.590+07:00 DEBUG 5216 --- [lab4-orchid-api] [nio-8080-exec-4] o.s.w.s.r.ResourceHttpRequestHandler     : Resource not found
2026-10-07T08:24:19.590+07:00 DEBUG 5216 --- [lab4-orchid-api] [nio-8080-exec-4] .w.s.m.s.DefaultHandlerExceptionResolver : Resolved [org.springframework.web.servlet.resource.NoResourceFoundException: No static resource api/orchid.]
2026-10-07T08:24:19.590+07:00 DEBUG 5216 --- [lab4-orchid-api] [nio-8080-exec-4] o.s.web.servlet.DispatcherServlet        : Completed 404 NOT_FOUND
2026-10-07T08:24:19.591+07:00 DEBUG 5216 --- [lab4-orchid-api] [nio-8080-exec-4] o.s.web.servlet.DispatcherServlet        : "ERROR" dispatch for GET "/error", parameters={}
2026-10-07T08:24:19.591+07:00 DEBUG 5216 --- [lab4-orchid-api] [nio-8080-exec-4] s.w.s.m.m.a.RequestMappingHandlerMapping : Mapped to org.springframework.boot.autoconfigure.web.servlet.error.BasicErrorController#error(HttpServletRequest)
2026-10-07T08:24:19.591+07:00 DEBUG 5216 --- [lab4-orchid-api] [nio-8080-exec-4] o.s.w.s.m.m.a.HttpEntityMethodProcessor  : Using 'application/json', given [*/*] and supported [application/json, application/*+json]
2026-10-07T08:24:19.591+07:00 DEBUG 5216 --- [lab4-orchid-api] [nio-8080-exec-4] o.s.w.s.m.m.a.HttpEntityMethodProcessor  : Writing [{timestamp=Wed Oct 07 08:24:19 ICT 2026, status=404, error=Not Found, path=/api/orchid}]
2026-10-07T08:24:19.593+07:00 DEBUG 5216 --- [lab4-orchid-api] [nio-8080-exec-4] o.s.web.servlet.DispatcherServlet        : Exiting from "ERROR" dispatch, status 404
2026-10-07T08:24:19.659+07:00 DEBUG 5216 --- [lab4-orchid-api] [nio-8080-exec-5] o.s.web.servlet.DispatcherServlet        : GET "/api/orchids", parameters={}
2026-10-07T08:24:19.659+07:00 DEBUG 5216 --- [lab4-orchid-api] [nio-8080-exec-5] s.w.s.m.m.a.RequestMappingHandlerMapping : Mapped to com.example.orchid.controllers.OrchidController#getAll(String)
2026-10-07T08:24:19.663+07:00 DEBUG 5216 --- [lab4-orchid-api] [nio-8080-exec-5] org.hibernate.SQL                        : 
    select
        o1_0.orchid_id,
        o1_0.is_attractive,
        o1_0.is_natural,
        o1_0.category_id,
        o1_0.orchid_description,
        o1_0.orchid_name,
        o1_0.orchid_url 
    from
        orchids o1_0
Hibernate: 
    select
        o1_0.orchid_id,
        o1_0.is_attractive,
        o1_0.is_natural,
        o1_0.category_id,
        o1_0.orchid_description,
        o1_0.orchid_name,
        o1_0.orchid_url 
    from
        orchids o1_0
2026-10-07T08:24:19.665+07:00 DEBUG 5216 --- [lab4-orchid-api] [nio-8080-exec-5] org.hibernate.SQL                        : 
    select
        oc1_0.category_id,
        oc1_0.category_name 
    from
        orchid_categories oc1_0 
    where
        oc1_0.category_id=?
Hibernate: 
    select
        oc1_0.category_id,
        oc1_0.category_name 
    from
        orchid_categories oc1_0 
    where
        oc1_0.category_id=?
2026-10-07T08:24:19.674+07:00 DEBUG 5216 --- [lab4-orchid-api] [nio-8080-exec-5] m.m.a.RequestResponseBodyMethodProcessor : Using 'application/json', given [*/*] and supported [application/json, application/*+json]
2026-10-07T08:24:19.674+07:00 DEBUG 5216 --- [lab4-orchid-api] [nio-8080-exec-5] m.m.a.RequestResponseBodyMethodProcessor : Writing [[com.example.orchid.pojos.Orchid@438be833]]
2026-10-07T08:24:19.675+07:00 DEBUG 5216 --- [lab4-orchid-api] [nio-8080-exec-5] o.s.web.servlet.DispatcherServlet        : Completed 200 OK
2026-10-07T08:24:19.701+07:00 DEBUG 5216 --- [lab4-orchid-api] [nio-8080-exec-6] o.s.web.servlet.DispatcherServlet        : PUT "/api/orchids/4", parameters={}
2026-10-07T08:24:19.701+07:00 DEBUG 5216 --- [lab4-orchid-api] [nio-8080-exec-6] s.w.s.m.m.a.RequestMappingHandlerMapping : Mapped to com.example.orchid.controllers.OrchidController#update(Long, Orchid)
2026-10-07T08:24:19.701+07:00 DEBUG 5216 --- [lab4-orchid-api] [nio-8080-exec-6] m.m.a.RequestResponseBodyMethodProcessor : Read "application/json;charset=UTF-8" to [com.example.orchid.pojos.Orchid@262da2da]
2026-10-07T08:24:19.705+07:00 DEBUG 5216 --- [lab4-orchid-api] [nio-8080-exec-6] org.hibernate.SQL                        : 
    select
        o1_0.orchid_id,
        o1_0.is_attractive,
        o1_0.is_natural,
        o1_0.category_id,
        oc1_0.category_id,
        oc1_0.category_name,
        o1_0.orchid_description,
        o1_0.orchid_name,
        o1_0.orchid_url 
    from
        orchids o1_0 
    join
        orchid_categories oc1_0 
            on oc1_0.category_id=o1_0.category_id 
    where
        o1_0.orchid_id=?
Hibernate: 
    select
        o1_0.orchid_id,
        o1_0.is_attractive,
        o1_0.is_natural,
        o1_0.category_id,
        oc1_0.category_id,
        oc1_0.category_name,
        o1_0.orchid_description,
        o1_0.orchid_name,
        o1_0.orchid_url 
    from
        orchids o1_0 
    join
        orchid_categories oc1_0 
            on oc1_0.category_id=o1_0.category_id 
    where
        o1_0.orchid_id=?
2026-10-07T08:24:19.707+07:00 DEBUG 5216 --- [lab4-orchid-api] [nio-8080-exec-6] org.hibernate.SQL                        : 
    select
        oc1_0.category_id,
        oc1_0.category_name 
    from
        orchid_categories oc1_0 
    where
        oc1_0.category_id=?
Hibernate: 
    select
        oc1_0.category_id,
        oc1_0.category_name 
    from
        orchid_categories oc1_0 
    where
        oc1_0.category_id=?
2026-10-07T08:24:19.723+07:00 DEBUG 5216 --- [lab4-orchid-api] [nio-8080-exec-6] org.hibernate.SQL                        : 
    update
        orchids 
    set
        is_attractive=?,
        is_natural=?,
        category_id=?,
        orchid_description=?,
        orchid_name=?,
        orchid_url=? 
    where
        orchid_id=?
Hibernate: 
    update
        orchids 
    set
        is_attractive=?,
        is_natural=?,
        category_id=?,
        orchid_description=?,
        orchid_name=?,
        orchid_url=? 
    where
        orchid_id=?
2026-10-07T08:24:19.726+07:00 DEBUG 5216 --- [lab4-orchid-api] [nio-8080-exec-6] o.s.w.s.m.m.a.HttpEntityMethodProcessor  : Using 'application/json', given [*/*] and supported [application/json, application/*+json]
2026-10-07T08:24:19.726+07:00 DEBUG 5216 --- [lab4-orchid-api] [nio-8080-exec-6] o.s.w.s.m.m.a.HttpEntityMethodProcessor  : Writing [com.example.orchid.pojos.Orchid@411894e5]
2026-10-07T08:24:19.726+07:00 DEBUG 5216 --- [lab4-orchid-api] [nio-8080-exec-6] o.s.web.servlet.DispatcherServlet        : Completed 200 OK
2026-10-07T08:24:19.793+07:00 DEBUG 5216 --- [lab4-orchid-api] [nio-8080-exec-8] o.s.web.servlet.DispatcherServlet        : GET "/api/orchids/4", parameters={}
2026-10-07T08:24:19.793+07:00 DEBUG 5216 --- [lab4-orchid-api] [nio-8080-exec-8] s.w.s.m.m.a.RequestMappingHandlerMapping : Mapped to com.example.orchid.controllers.OrchidController#getById(Long)
2026-10-07T08:24:19.795+07:00 DEBUG 5216 --- [lab4-orchid-api] [nio-8080-exec-8] org.hibernate.SQL                        : 
    select
        o1_0.orchid_id,
        o1_0.is_attractive,
        o1_0.is_natural,
        o1_0.category_id,
        oc1_0.category_id,
        oc1_0.category_name,
        o1_0.orchid_description,
        o1_0.orchid_name,
        o1_0.orchid_url 
    from
        orchids o1_0 
    join
        orchid_categories oc1_0 
            on oc1_0.category_id=o1_0.category_id 
    where
        o1_0.orchid_id=?
Hibernate: 
    select
        o1_0.orchid_id,
        o1_0.is_attractive,
        o1_0.is_natural,
        o1_0.category_id,
        oc1_0.category_id,
        oc1_0.category_name,
        o1_0.orchid_description,
        o1_0.orchid_name,
        o1_0.orchid_url 
    from
        orchids o1_0 
    join
        orchid_categories oc1_0 
            on oc1_0.category_id=o1_0.category_id 
    where
        o1_0.orchid_id=?
2026-10-07T08:24:19.800+07:00 DEBUG 5216 --- [lab4-orchid-api] [nio-8080-exec-8] o.s.w.s.m.m.a.HttpEntityMethodProcessor  : Using 'application/json', given [*/*] and supported [application/json, application/*+json]
2026-10-07T08:24:19.800+07:00 DEBUG 5216 --- [lab4-orchid-api] [nio-8080-exec-8] o.s.w.s.m.m.a.HttpEntityMethodProcessor  : Writing [com.example.orchid.pojos.Orchid@2e3e4bf0]
2026-10-07T08:24:19.801+07:00 DEBUG 5216 --- [lab4-orchid-api] [nio-8080-exec-8] o.s.web.servlet.DispatcherServlet        : Completed 200 OK
2026-10-07T08:24:19.877+07:00 DEBUG 5216 --- [lab4-orchid-api] [nio-8080-exec-7] o.s.web.servlet.DispatcherServlet        : PUT "/api/orchids/4", parameters={}
2026-10-07T08:24:19.877+07:00 DEBUG 5216 --- [lab4-orchid-api] [nio-8080-exec-7] s.w.s.m.m.a.RequestMappingHandlerMapping : Mapped to com.example.orchid.controllers.OrchidController#update(Long, Orchid)
2026-10-07T08:24:19.877+07:00 DEBUG 5216 --- [lab4-orchid-api] [nio-8080-exec-7] m.m.a.RequestResponseBodyMethodProcessor : Read "application/json;charset=UTF-8" to [com.example.orchid.pojos.Orchid@8554150]
2026-10-07T08:24:19.882+07:00 DEBUG 5216 --- [lab4-orchid-api] [nio-8080-exec-7] org.hibernate.SQL                        : 
    select
        o1_0.orchid_id,
        o1_0.is_attractive,
        o1_0.is_natural,
        o1_0.category_id,
        oc1_0.category_id,
        oc1_0.category_name,
        o1_0.orchid_description,
        o1_0.orchid_name,
        o1_0.orchid_url 
    from
        orchids o1_0 
    join
        orchid_categories oc1_0 
            on oc1_0.category_id=o1_0.category_id 
    where
        o1_0.orchid_id=?
Hibernate: 
    select
        o1_0.orchid_id,
        o1_0.is_attractive,
        o1_0.is_natural,
        o1_0.category_id,
        oc1_0.category_id,
        oc1_0.category_name,
        o1_0.orchid_description,
        o1_0.orchid_name,
        o1_0.orchid_url 
    from
        orchids o1_0 
    join
        orchid_categories oc1_0 
            on oc1_0.category_id=o1_0.category_id 
    where
        o1_0.orchid_id=?
2026-10-07T08:24:19.883+07:00 DEBUG 5216 --- [lab4-orchid-api] [nio-8080-exec-7] org.hibernate.SQL                        : 
    select
        oc1_0.category_id,
        oc1_0.category_name 
    from
        orchid_categories oc1_0 
    where
        oc1_0.category_id=?
Hibernate: 
    select
        oc1_0.category_id,
        oc1_0.category_name 
    from
        orchid_categories oc1_0 
    where
        oc1_0.category_id=?
2026-10-07T08:24:19.889+07:00 DEBUG 5216 --- [lab4-orchid-api] [nio-8080-exec-7] o.s.w.s.m.m.a.HttpEntityMethodProcessor  : Using 'text/plain', given [*/*] and supported [text/plain, */*, application/json, application/*+json]
2026-10-07T08:24:19.889+07:00 DEBUG 5216 --- [lab4-orchid-api] [nio-8080-exec-7] o.s.w.s.m.m.a.HttpEntityMethodProcessor  : Writing ["Category not found: 999999999"]
2026-10-07T08:24:19.889+07:00 DEBUG 5216 --- [lab4-orchid-api] [nio-8080-exec-7] o.s.web.servlet.DispatcherServlet        : Completed 400 BAD_REQUEST
2026-10-07T08:24:19.961+07:00 DEBUG 5216 --- [lab4-orchid-api] [io-8080-exec-10] o.s.web.servlet.DispatcherServlet        : GET "/api/orchids/4", parameters={}
2026-10-07T08:24:19.962+07:00 DEBUG 5216 --- [lab4-orchid-api] [io-8080-exec-10] s.w.s.m.m.a.RequestMappingHandlerMapping : Mapped to com.example.orchid.controllers.OrchidController#getById(Long)
2026-10-07T08:24:19.964+07:00 DEBUG 5216 --- [lab4-orchid-api] [io-8080-exec-10] org.hibernate.SQL                        : 
    select
        o1_0.orchid_id,
        o1_0.is_attractive,
        o1_0.is_natural,
        o1_0.category_id,
        oc1_0.category_id,
        oc1_0.category_name,
        o1_0.orchid_description,
        o1_0.orchid_name,
        o1_0.orchid_url 
    from
        orchids o1_0 
    join
        orchid_categories oc1_0 
            on oc1_0.category_id=o1_0.category_id 
    where
        o1_0.orchid_id=?
Hibernate: 
    select
        o1_0.orchid_id,
        o1_0.is_attractive,
        o1_0.is_natural,
        o1_0.category_id,
        oc1_0.category_id,
        oc1_0.category_name,
        o1_0.orchid_description,
        o1_0.orchid_name,
        o1_0.orchid_url 
    from
        orchids o1_0 
    join
        orchid_categories oc1_0 
            on oc1_0.category_id=o1_0.category_id 
    where
        o1_0.orchid_id=?
2026-10-07T08:24:19.967+07:00 DEBUG 5216 --- [lab4-orchid-api] [io-8080-exec-10] o.s.w.s.m.m.a.HttpEntityMethodProcessor  : Using 'application/json', given [*/*] and supported [application/json, application/*+json]
2026-10-07T08:24:19.967+07:00 DEBUG 5216 --- [lab4-orchid-api] [io-8080-exec-10] o.s.w.s.m.m.a.HttpEntityMethodProcessor  : Writing [com.example.orchid.pojos.Orchid@58f71584]
2026-10-07T08:24:19.968+07:00 DEBUG 5216 --- [lab4-orchid-api] [io-8080-exec-10] o.s.web.servlet.DispatcherServlet        : Completed 200 OK
2026-10-07T08:24:20.053+07:00 DEBUG 5216 --- [lab4-orchid-api] [nio-8080-exec-1] o.s.web.servlet.DispatcherServlet        : PUT "/api/orchids/999999999", parameters={}
2026-10-07T08:24:20.053+07:00 DEBUG 5216 --- [lab4-orchid-api] [nio-8080-exec-1] s.w.s.m.m.a.RequestMappingHandlerMapping : Mapped to com.example.orchid.controllers.OrchidController#update(Long, Orchid)
2026-10-07T08:24:20.053+07:00 DEBUG 5216 --- [lab4-orchid-api] [nio-8080-exec-1] m.m.a.RequestResponseBodyMethodProcessor : Read "application/json;charset=UTF-8" to [com.example.orchid.pojos.Orchid@6106253b]
2026-10-07T08:24:20.053+07:00 DEBUG 5216 --- [lab4-orchid-api] [nio-8080-exec-1] org.hibernate.SQL                        : 
    select
        o1_0.orchid_id,
        o1_0.is_attractive,
        o1_0.is_natural,
        o1_0.category_id,
        oc1_0.category_id,
        oc1_0.category_name,
        o1_0.orchid_description,
        o1_0.orchid_name,
        o1_0.orchid_url 
    from
        orchids o1_0 
    join
        orchid_categories oc1_0 
            on oc1_0.category_id=o1_0.category_id 
    where
        o1_0.orchid_id=?
Hibernate: 
    select
        o1_0.orchid_id,
        o1_0.is_attractive,
        o1_0.is_natural,
        o1_0.category_id,
        oc1_0.category_id,
        oc1_0.category_name,
        o1_0.orchid_description,
        o1_0.orchid_name,
        o1_0.orchid_url 
    from
        orchids o1_0 
    join
        orchid_categories oc1_0 
            on oc1_0.category_id=o1_0.category_id 
    where
        o1_0.orchid_id=?
2026-10-07T08:24:20.060+07:00 DEBUG 5216 --- [lab4-orchid-api] [nio-8080-exec-1] o.s.w.s.m.m.a.HttpEntityMethodProcessor  : Using 'application/octet-stream', given [*/*] and supported [*/*]
2026-10-07T08:24:20.061+07:00 DEBUG 5216 --- [lab4-orchid-api] [nio-8080-exec-1] o.s.web.servlet.DispatcherServlet        : Completed 404 NOT_FOUND
2026-10-07T08:24:20.149+07:00 DEBUG 5216 --- [lab4-orchid-api] [nio-8080-exec-3] o.s.web.servlet.DispatcherServlet        : DELETE "/api/orchids/4", parameters={}
2026-10-07T08:24:20.149+07:00 DEBUG 5216 --- [lab4-orchid-api] [nio-8080-exec-3] s.w.s.m.m.a.RequestMappingHandlerMapping : Mapped to com.example.orchid.controllers.OrchidController#delete(Long)
2026-10-07T08:24:20.151+07:00 DEBUG 5216 --- [lab4-orchid-api] [nio-8080-exec-3] org.hibernate.SQL                        : 
    select
        count_big(*) 
    from
        orchids o1_0 
    where
        o1_0.orchid_id=?
Hibernate: 
    select
        count_big(*) 
    from
        orchids o1_0 
    where
        o1_0.orchid_id=?
2026-10-07T08:24:20.154+07:00 DEBUG 5216 --- [lab4-orchid-api] [nio-8080-exec-3] org.hibernate.SQL                        : 
    select
        o1_0.orchid_id,
        o1_0.is_attractive,
        o1_0.is_natural,
        o1_0.category_id,
        oc1_0.category_id,
        oc1_0.category_name,
        o1_0.orchid_description,
        o1_0.orchid_name,
        o1_0.orchid_url 
    from
        orchids o1_0 
    join
        orchid_categories oc1_0 
            on oc1_0.category_id=o1_0.category_id 
    where
        o1_0.orchid_id=?
Hibernate: 
    select
        o1_0.orchid_id,
        o1_0.is_attractive,
        o1_0.is_natural,
        o1_0.category_id,
        oc1_0.category_id,
        oc1_0.category_name,
        o1_0.orchid_description,
        o1_0.orchid_name,
        o1_0.orchid_url 
    from
        orchids o1_0 
    join
        orchid_categories oc1_0 
            on oc1_0.category_id=o1_0.category_id 
    where
        o1_0.orchid_id=?
2026-10-07T08:24:20.157+07:00 DEBUG 5216 --- [lab4-orchid-api] [nio-8080-exec-3] org.hibernate.SQL                        : 
    delete 
    from
        orchids 
    where
        orchid_id=?
Hibernate: 
    delete 
    from
        orchids 
    where
        orchid_id=?
2026-10-07T08:24:20.157+07:00 DEBUG 5216 --- [lab4-orchid-api] [nio-8080-exec-3] o.s.w.s.m.m.a.HttpEntityMethodProcessor  : Using 'application/json', given [*/*] and supported [application/json, application/*+json]
2026-10-07T08:24:20.157+07:00 DEBUG 5216 --- [lab4-orchid-api] [nio-8080-exec-3] o.s.w.s.m.m.a.HttpEntityMethodProcessor  : Nothing to write: null body
2026-10-07T08:24:20.157+07:00 DEBUG 5216 --- [lab4-orchid-api] [nio-8080-exec-3] o.s.web.servlet.DispatcherServlet        : Completed 204 NO_CONTENT
2026-10-07T08:24:20.242+07:00 DEBUG 5216 --- [lab4-orchid-api] [nio-8080-exec-2] o.s.web.servlet.DispatcherServlet        : GET "/api/orchids/4", parameters={}
2026-10-07T08:24:20.243+07:00 DEBUG 5216 --- [lab4-orchid-api] [nio-8080-exec-2] s.w.s.m.m.a.RequestMappingHandlerMapping : Mapped to com.example.orchid.controllers.OrchidController#getById(Long)
2026-10-07T08:24:20.245+07:00 DEBUG 5216 --- [lab4-orchid-api] [nio-8080-exec-2] org.hibernate.SQL                        : 
    select
        o1_0.orchid_id,
        o1_0.is_attractive,
        o1_0.is_natural,
        o1_0.category_id,
        oc1_0.category_id,
        oc1_0.category_name,
        o1_0.orchid_description,
        o1_0.orchid_name,
        o1_0.orchid_url 
    from
        orchids o1_0 
    join
        orchid_categories oc1_0 
            on oc1_0.category_id=o1_0.category_id 
    where
        o1_0.orchid_id=?
Hibernate: 
    select
        o1_0.orchid_id,
        o1_0.is_attractive,
        o1_0.is_natural,
        o1_0.category_id,
        oc1_0.category_id,
        oc1_0.category_name,
        o1_0.orchid_description,
        o1_0.orchid_name,
        o1_0.orchid_url 
    from
        orchids o1_0 
    join
        orchid_categories oc1_0 
            on oc1_0.category_id=o1_0.category_id 
    where
        o1_0.orchid_id=?
2026-10-07T08:24:20.248+07:00 DEBUG 5216 --- [lab4-orchid-api] [nio-8080-exec-2] o.s.w.s.m.m.a.HttpEntityMethodProcessor  : Using 'application/json', given [*/*] and supported [application/json, application/*+json]
2026-10-07T08:24:20.248+07:00 DEBUG 5216 --- [lab4-orchid-api] [nio-8080-exec-2] o.s.w.s.m.m.a.HttpEntityMethodProcessor  : Nothing to write: null body
2026-10-07T08:24:20.248+07:00 DEBUG 5216 --- [lab4-orchid-api] [nio-8080-exec-2] o.s.web.servlet.DispatcherServlet        : Completed 404 NOT_FOUND
2026-10-07T08:24:20.320+07:00 DEBUG 5216 --- [lab4-orchid-api] [nio-8080-exec-4] o.s.web.servlet.DispatcherServlet        : DELETE "/api/orchids/999999999", parameters={}
2026-10-07T08:24:20.321+07:00 DEBUG 5216 --- [lab4-orchid-api] [nio-8080-exec-4] s.w.s.m.m.a.RequestMappingHandlerMapping : Mapped to com.example.orchid.controllers.OrchidController#delete(Long)
2026-10-07T08:24:20.323+07:00 DEBUG 5216 --- [lab4-orchid-api] [nio-8080-exec-4] org.hibernate.SQL                        : 
    select
        count_big(*) 
    from
        orchids o1_0 
    where
        o1_0.orchid_id=?
Hibernate: 
    select
        count_big(*) 
    from
        orchids o1_0 
    where
        o1_0.orchid_id=?
2026-10-07T08:24:20.325+07:00 DEBUG 5216 --- [lab4-orchid-api] [nio-8080-exec-4] o.s.w.s.m.m.a.HttpEntityMethodProcessor  : Using 'application/json', given [*/*] and supported [application/json, application/*+json]
2026-10-07T08:24:20.325+07:00 DEBUG 5216 --- [lab4-orchid-api] [nio-8080-exec-4] o.s.w.s.m.m.a.HttpEntityMethodProcessor  : Nothing to write: null body
2026-10-07T08:24:20.325+07:00 DEBUG 5216 --- [lab4-orchid-api] [nio-8080-exec-4] o.s.web.servlet.DispatcherServlet        : Completed 404 NOT_FOUND
2026-10-07T08:24:20.387+07:00 DEBUG 5216 --- [lab4-orchid-api] [nio-8080-exec-5] o.s.web.servlet.DispatcherServlet        : POST "/api/orchids", parameters={}
2026-10-07T08:24:20.387+07:00 DEBUG 5216 --- [lab4-orchid-api] [nio-8080-exec-5] s.w.s.m.m.a.RequestMappingHandlerMapping : Mapped to com.example.orchid.controllers.OrchidController#create(Orchid)
2026-10-07T08:24:20.387+07:00 DEBUG 5216 --- [lab4-orchid-api] [nio-8080-exec-5] m.m.a.RequestResponseBodyMethodProcessor : Read "application/json;charset=UTF-8" to [com.example.orchid.pojos.Orchid@1e3d833f]
2026-10-07T08:24:20.390+07:00 DEBUG 5216 --- [lab4-orchid-api] [nio-8080-exec-5] org.hibernate.SQL                        : 
    select
        oc1_0.category_id,
        oc1_0.category_name 
    from
        orchid_categories oc1_0 
    where
        oc1_0.category_id=?
Hibernate: 
    select
        oc1_0.category_id,
        oc1_0.category_name 
    from
        orchid_categories oc1_0 
    where
        oc1_0.category_id=?
2026-10-07T08:24:20.391+07:00 DEBUG 5216 --- [lab4-orchid-api] [nio-8080-exec-5] org.hibernate.SQL                        : 
    insert 
    into
        orchids
        (is_attractive, is_natural, category_id, orchid_description, orchid_name, orchid_url) 
    values
        (?, ?, ?, ?, ?, ?)
Hibernate: 
    insert 
    into
        orchids
        (is_attractive, is_natural, category_id, orchid_description, orchid_name, orchid_url) 
    values
        (?, ?, ?, ?, ?, ?)
2026-10-07T08:24:20.394+07:00 DEBUG 5216 --- [lab4-orchid-api] [nio-8080-exec-5] o.s.w.s.m.m.a.HttpEntityMethodProcessor  : Using 'application/json', given [*/*] and supported [application/json, application/*+json]
2026-10-07T08:24:20.394+07:00 DEBUG 5216 --- [lab4-orchid-api] [nio-8080-exec-5] o.s.w.s.m.m.a.HttpEntityMethodProcessor  : Writing [com.example.orchid.pojos.Orchid@1e3d833f]
2026-10-07T08:24:20.394+07:00 DEBUG 5216 --- [lab4-orchid-api] [nio-8080-exec-5] o.s.web.servlet.DispatcherServlet        : Completed 201 CREATED
2026-10-07T08:24:20.483+07:00 DEBUG 5216 --- [lab4-orchid-api] [nio-8080-exec-6] o.s.web.servlet.DispatcherServlet        : GET "/api/orchids/6", parameters={}
2026-10-07T08:24:20.484+07:00 DEBUG 5216 --- [lab4-orchid-api] [nio-8080-exec-6] s.w.s.m.m.a.RequestMappingHandlerMapping : Mapped to com.example.orchid.controllers.OrchidController#getById(Long)
2026-10-07T08:24:20.484+07:00 DEBUG 5216 --- [lab4-orchid-api] [nio-8080-exec-6] org.hibernate.SQL                        : 
    select
        o1_0.orchid_id,
        o1_0.is_attractive,
        o1_0.is_natural,
        o1_0.category_id,
        oc1_0.category_id,
        oc1_0.category_name,
        o1_0.orchid_description,
        o1_0.orchid_name,
        o1_0.orchid_url 
    from
        orchids o1_0 
    join
        orchid_categories oc1_0 
            on oc1_0.category_id=o1_0.category_id 
    where
        o1_0.orchid_id=?
Hibernate: 
    select
        o1_0.orchid_id,
        o1_0.is_attractive,
        o1_0.is_natural,
        o1_0.category_id,
        oc1_0.category_id,
        oc1_0.category_name,
        o1_0.orchid_description,
        o1_0.orchid_name,
        o1_0.orchid_url 
    from
        orchids o1_0 
    join
        orchid_categories oc1_0 
            on oc1_0.category_id=o1_0.category_id 
    where
        o1_0.orchid_id=?
2026-10-07T08:24:20.484+07:00 DEBUG 5216 --- [lab4-orchid-api] [nio-8080-exec-6] o.s.w.s.m.m.a.HttpEntityMethodProcessor  : Using 'application/json', given [*/*] and supported [application/json, application/*+json]
2026-10-07T08:24:20.484+07:00 DEBUG 5216 --- [lab4-orchid-api] [nio-8080-exec-6] o.s.w.s.m.m.a.HttpEntityMethodProcessor  : Writing [com.example.orchid.pojos.Orchid@5b6cbe15]
2026-10-07T08:24:20.484+07:00 DEBUG 5216 --- [lab4-orchid-api] [nio-8080-exec-6] o.s.web.servlet.DispatcherServlet        : Completed 200 OK
2026-10-07T08:24:35.923+07:00 DEBUG 5216 --- [lab4-orchid-api] [nio-8080-exec-9] o.s.web.servlet.DispatcherServlet        : GET "/api/orchids/6", parameters={}
2026-10-07T08:24:35.923+07:00 DEBUG 5216 --- [lab4-orchid-api] [nio-8080-exec-9] s.w.s.m.m.a.RequestMappingHandlerMapping : Mapped to com.example.orchid.controllers.OrchidController#getById(Long)
2026-10-07T08:24:35.932+07:00 DEBUG 5216 --- [lab4-orchid-api] [nio-8080-exec-9] org.hibernate.SQL                        : 
    select
        o1_0.orchid_id,
        o1_0.is_attractive,
        o1_0.is_natural,
        o1_0.category_id,
        oc1_0.category_id,
        oc1_0.category_name,
        o1_0.orchid_description,
        o1_0.orchid_name,
        o1_0.orchid_url 
    from
        orchids o1_0 
    join
        orchid_categories oc1_0 
            on oc1_0.category_id=o1_0.category_id 
    where
        o1_0.orchid_id=?
Hibernate: 
    select
        o1_0.orchid_id,
        o1_0.is_attractive,
        o1_0.is_natural,
        o1_0.category_id,
        oc1_0.category_id,
        oc1_0.category_name,
        o1_0.orchid_description,
        o1_0.orchid_name,
        o1_0.orchid_url 
    from
        orchids o1_0 
    join
        orchid_categories oc1_0 
            on oc1_0.category_id=o1_0.category_id 
    where
        o1_0.orchid_id=?
2026-10-07T08:24:35.935+07:00 DEBUG 5216 --- [lab4-orchid-api] [nio-8080-exec-9] o.s.w.s.m.m.a.HttpEntityMethodProcessor  : Using 'application/json', given [*/*] and supported [application/json, application/*+json]
2026-10-07T08:24:35.935+07:00 DEBUG 5216 --- [lab4-orchid-api] [nio-8080-exec-9] o.s.w.s.m.m.a.HttpEntityMethodProcessor  : Writing [com.example.orchid.pojos.Orchid@29c26d0]
2026-10-07T08:24:35.936+07:00 DEBUG 5216 --- [lab4-orchid-api] [nio-8080-exec-9] o.s.web.servlet.DispatcherServlet        : Completed 200 OK
