[INFO] Scanning for projects...
[INFO] 
[INFO] --------------------< com.example:lab4-orchid-api >---------------------
[INFO] Building lab4-orchid-api 0.0.1-SNAPSHOT
[INFO]   from pom.xml
[INFO] --------------------------------[ jar ]---------------------------------
[INFO] 
[INFO] --- clean:3.4.1:clean (default-clean) @ lab4-orchid-api ---
[INFO] Deleting H:\Code Java\SBA301\lab4\target
[INFO] 
[INFO] --- resources:3.3.1:resources (default-resources) @ lab4-orchid-api ---
[INFO] Copying 1 resource from src\main\resources to target\classes
[INFO] Copying 0 resource from src\main\resources to target\classes
[INFO] 
[INFO] --- compiler:3.13.0:compile (default-compile) @ lab4-orchid-api ---
[INFO] Recompiling the module because of changed source code.
[INFO] Compiling 8 source files with javac [debug parameters release 21] to target\classes
[INFO] 
[INFO] --- resources:3.3.1:testResources (default-testResources) @ lab4-orchid-api ---
[INFO] Copying 2 resources from src\test\resources to target\test-classes
[INFO] 
[INFO] --- compiler:3.13.0:testCompile (default-testCompile) @ lab4-orchid-api ---
[INFO] Recompiling the module because of changed dependency.
[INFO] Compiling 1 source file with javac [debug parameters release 21] to target\test-classes
[INFO] 
[INFO] --- surefire:3.5.2:test (default-test) @ lab4-orchid-api ---
[INFO] Using auto detected provider org.apache.maven.surefire.junitplatform.JUnitPlatformProvider
[INFO] 
[INFO] -------------------------------------------------------
[INFO]  T E S T S
[INFO] -------------------------------------------------------
[INFO] Running com.example.orchid.OrchidApiTest
08:26:05.074 [main] INFO org.springframework.test.context.support.AnnotationConfigContextLoaderUtils -- Could not detect default configuration classes for test class [com.example.orchid.OrchidApiTest]: OrchidApiTest does not declare any static, non-private, non-final, nested classes annotated with @Configuration.
08:26:05.163 [main] INFO org.springframework.boot.test.context.SpringBootTestContextBootstrapper -- Found @SpringBootConfiguration com.example.orchid.OrchidApplication for test class com.example.orchid.OrchidApiTest

  .   ____          _            __ _ _
 /\\ / ___'_ __ _ _(_)_ __  __ _ \ \ \ \
( ( )\___ | '_ | '_| | '_ \/ _` | \ \ \ \
 \\/  ___)| |_)| | | | | || (_| |  ) ) ) )
  '  |____| .__|_| |_|_| |_\__, | / / / /
 =========|_|==============|___/=/_/_/_/

 :: Spring Boot ::                (v3.4.3)

2026-10-07T08:26:05.479+07:00  INFO 30088 --- [           main] com.example.orchid.OrchidApiTest         : Starting OrchidApiTest using Java 21.0.11 with PID 30088 (started by ADMIN in H:\Code Java\SBA301\lab4)
2026-10-07T08:26:05.485+07:00  INFO 30088 --- [           main] com.example.orchid.OrchidApiTest         : No active profile set, falling back to 1 default profile: "default"
2026-10-07T08:26:05.485+07:00 DEBUG 30088 --- [           main] o.s.boot.SpringApplication               : Loading source class com.example.orchid.OrchidApplication
2026-10-07T08:26:05.491+07:00 DEBUG 30088 --- [           main] o.s.w.c.s.GenericWebApplicationContext   : Refreshing org.springframework.web.context.support.GenericWebApplicationContext@30865a90
2026-10-07T08:26:06.028+07:00  INFO 30088 --- [           main] .s.d.r.c.RepositoryConfigurationDelegate : Bootstrapping Spring Data JPA repositories in DEFAULT mode.
2026-10-07T08:26:06.046+07:00 DEBUG 30088 --- [           main] o.s.b.a.AutoConfigurationPackages        : @EnableAutoConfiguration was declared on a class in the package 'com.example.orchid'. Automatic @Repository and @Entity scanning is enabled.
2026-10-07T08:26:06.076+07:00  INFO 30088 --- [           main] .s.d.r.c.RepositoryConfigurationDelegate : Finished Spring Data repository scanning in 37 ms. Found 2 JPA repository interfaces.
2026-10-07T08:26:06.685+07:00  INFO 30088 --- [           main] o.hibernate.jpa.internal.util.LogHelper  : HHH000204: Processing PersistenceUnitInfo [name: default]
2026-10-07T08:26:06.735+07:00  INFO 30088 --- [           main] org.hibernate.Version                    : HHH000412: Hibernate ORM core version 6.6.8.Final
2026-10-07T08:26:06.764+07:00  INFO 30088 --- [           main] o.h.c.internal.RegionFactoryInitiator    : HHH000026: Second-level cache disabled
2026-10-07T08:26:07.105+07:00  INFO 30088 --- [           main] o.s.o.j.p.SpringPersistenceUnitInfo      : No LoadTimeWeaver setup: ignoring JPA class transformer
2026-10-07T08:26:07.140+07:00  INFO 30088 --- [           main] com.zaxxer.hikari.HikariDataSource       : HikariPool-1 - Starting...
2026-10-07T08:26:07.402+07:00  INFO 30088 --- [           main] com.zaxxer.hikari.pool.HikariPool        : HikariPool-1 - Added connection conn0: url=jdbc:h2:mem:orchid-test user=SA
2026-10-07T08:26:07.403+07:00  INFO 30088 --- [           main] com.zaxxer.hikari.HikariDataSource       : HikariPool-1 - Start completed.
2026-10-07T08:26:07.450+07:00  INFO 30088 --- [           main] org.hibernate.orm.connections.pooling    : HHH10001005: Database info:
	Database JDBC URL [Connecting through datasource 'HikariDataSource (HikariPool-1)']
	Database driver: undefined/unknown
	Database version: 2.3.232
	Autocommit mode: undefined/unknown
	Isolation level: undefined/unknown
	Minimum pool size: undefined/unknown
	Maximum pool size: undefined/unknown
2026-10-07T08:26:08.263+07:00  INFO 30088 --- [           main] o.h.e.t.j.p.i.JtaPlatformInitiator       : HHH000489: No JTA platform available (set 'hibernate.transaction.jta.platform' to enable JTA platform integration)
2026-10-07T08:26:08.291+07:00 DEBUG 30088 --- [           main] org.hibernate.SQL                        : 
    drop table if exists orchid_categories cascade 
Hibernate: 
    drop table if exists orchid_categories cascade 
2026-10-07T08:26:08.296+07:00 DEBUG 30088 --- [           main] org.hibernate.SQL                        : 
    drop table if exists orchids cascade 
Hibernate: 
    drop table if exists orchids cascade 
2026-10-07T08:26:08.302+07:00 DEBUG 30088 --- [           main] org.hibernate.SQL                        : 
    create table orchid_categories (
        category_id bigint generated by default as identity,
        category_name varchar(100) not null unique,
        primary key (category_id)
    )
Hibernate: 
    create table orchid_categories (
        category_id bigint generated by default as identity,
        category_name varchar(100) not null unique,
        primary key (category_id)
    )
2026-10-07T08:26:08.313+07:00 DEBUG 30088 --- [           main] org.hibernate.SQL                        : 
    create table orchids (
        is_attractive boolean,
        is_natural boolean,
        category_id bigint not null,
        orchid_id bigint generated by default as identity,
        orchid_name varchar(150) not null,
        orchid_description varchar(1000),
        orchid_url varchar(255),
        primary key (orchid_id)
    )
Hibernate: 
    create table orchids (
        is_attractive boolean,
        is_natural boolean,
        category_id bigint not null,
        orchid_id bigint generated by default as identity,
        orchid_name varchar(150) not null,
        orchid_description varchar(1000),
        orchid_url varchar(255),
        primary key (orchid_id)
    )
2026-10-07T08:26:08.313+07:00 DEBUG 30088 --- [           main] org.hibernate.SQL                        : 
    alter table if exists orchids 
       add constraint FK1nau98c2g1u4qk2nx7fmj0dt5 
       foreign key (category_id) 
       references orchid_categories
Hibernate: 
    alter table if exists orchids 
       add constraint FK1nau98c2g1u4qk2nx7fmj0dt5 
       foreign key (category_id) 
       references orchid_categories
2026-10-07T08:26:08.332+07:00  INFO 30088 --- [           main] j.LocalContainerEntityManagerFactoryBean : Initialized JPA EntityManagerFactory for persistence unit 'default'
2026-10-07T08:26:09.344+07:00 DEBUG 30088 --- [           main] s.w.s.m.m.a.RequestMappingHandlerMapping : 7 mappings in 'requestMappingHandlerMapping'
2026-10-07T08:26:09.486+07:00 DEBUG 30088 --- [           main] o.s.w.s.handler.SimpleUrlHandlerMapping  : Patterns [/webjars/**, /**] in 'resourceHandlerMapping'
2026-10-07T08:26:09.526+07:00 DEBUG 30088 --- [           main] s.w.s.m.m.a.RequestMappingHandlerAdapter : ControllerAdvice beans: 0 @ModelAttribute, 0 @InitBinder, 1 RequestBodyAdvice, 1 ResponseBodyAdvice
2026-10-07T08:26:09.588+07:00 DEBUG 30088 --- [           main] .m.m.a.ExceptionHandlerExceptionResolver : ControllerAdvice beans: 0 @ExceptionHandler, 1 ResponseBodyAdvice
2026-10-07T08:26:09.720+07:00 DEBUG 30088 --- [           main] o.s.b.w.s.ServletContextInitializerBeans : Mapping filters: characterEncodingFilter urls=[/*] order=-2147483648, formContentFilter urls=[/*] order=-9900, requestContextFilter urls=[/*] order=-105
2026-10-07T08:26:09.720+07:00 DEBUG 30088 --- [           main] o.s.b.w.s.ServletContextInitializerBeans : Mapping servlets: 
2026-10-07T08:26:09.730+07:00 DEBUG 30088 --- [           main] s.b.w.s.f.OrderedCharacterEncodingFilter : Filter 'characterEncodingFilter' configured for use
2026-10-07T08:26:09.730+07:00 DEBUG 30088 --- [           main] o.s.b.w.s.f.OrderedFormContentFilter     : Filter 'formContentFilter' configured for use
2026-10-07T08:26:09.730+07:00 DEBUG 30088 --- [           main] o.s.b.w.s.f.OrderedRequestContextFilter  : Filter 'requestContextFilter' configured for use
2026-10-07T08:26:09.730+07:00  INFO 30088 --- [           main] o.s.b.t.m.w.SpringBootMockServletContext : Initializing Spring TestDispatcherServlet ''
2026-10-07T08:26:09.730+07:00  INFO 30088 --- [           main] o.s.t.web.servlet.TestDispatcherServlet  : Initializing Servlet ''
2026-10-07T08:26:09.737+07:00  INFO 30088 --- [           main] o.s.t.web.servlet.TestDispatcherServlet  : Completed initialization in 5 ms
2026-10-07T08:26:09.780+07:00 DEBUG 30088 --- [           main] .s.b.a.l.ConditionEvaluationReportLogger : 


============================
CONDITIONS EVALUATION REPORT
============================


Positive matches:
-----------------

   AopAutoConfiguration matched:
      - @ConditionalOnProperty (spring.aop.auto=true) matched (OnPropertyCondition)

   AopAutoConfiguration.AspectJAutoProxyingConfiguration matched:
      - @ConditionalOnClass found required class 'org.aspectj.weaver.Advice' (OnClassCondition)

   AopAutoConfiguration.AspectJAutoProxyingConfiguration.CglibAutoProxyConfiguration matched:
      - @ConditionalOnProperty (spring.aop.proxy-target-class=true) matched (OnPropertyCondition)

   ApplicationAvailabilityAutoConfiguration#applicationAvailability matched:
      - @ConditionalOnMissingBean (types: org.springframework.boot.availability.ApplicationAvailability; SearchStrategy: all) did not find any beans (OnBeanCondition)

   DataSourceAutoConfiguration matched:
      - @ConditionalOnClass found required classes 'javax.sql.DataSource', 'org.springframework.jdbc.datasource.embedded.EmbeddedDatabaseType' (OnClassCondition)
      - @ConditionalOnMissingBean (types: io.r2dbc.spi.ConnectionFactory; SearchStrategy: all) did not find any beans (OnBeanCondition)

   DataSourceAutoConfiguration.PooledDataSourceConfiguration matched:
      - AnyNestedCondition 1 matched 1 did not; NestedCondition on DataSourceAutoConfiguration.PooledDataSourceCondition.PooledDataSourceAvailable PooledDataSource found supported DataSource; NestedCondition on DataSourceAutoConfiguration.PooledDataSourceCondition.ExplicitType @ConditionalOnProperty (spring.datasource.type) did not find property 'type' (DataSourceAutoConfiguration.PooledDataSourceCondition)
      - @ConditionalOnMissingBean (types: javax.sql.DataSource,javax.sql.XADataSource; SearchStrategy: all) did not find any beans (OnBeanCondition)

   DataSourceAutoConfiguration.PooledDataSourceConfiguration#jdbcConnectionDetails matched:
      - @ConditionalOnMissingBean (types: org.springframework.boot.autoconfigure.jdbc.JdbcConnectionDetails; SearchStrategy: all) did not find any beans (OnBeanCondition)

   DataSourceConfiguration.Hikari matched:
      - @ConditionalOnClass found required class 'com.zaxxer.hikari.HikariDataSource' (OnClassCondition)
      - @ConditionalOnProperty (spring.datasource.type=com.zaxxer.hikari.HikariDataSource) matched (OnPropertyCondition)
      - @ConditionalOnMissingBean (types: javax.sql.DataSource; SearchStrategy: all) did not find any beans (OnBeanCondition)

   DataSourceInitializationConfiguration matched:
      - @ConditionalOnClass found required class 'org.springframework.jdbc.datasource.init.DatabasePopulator' (OnClassCondition)
      - @ConditionalOnSingleCandidate (types: javax.sql.DataSource; SearchStrategy: all) found a single bean 'dataSource'; @ConditionalOnMissingBean (types: org.springframework.boot.autoconfigure.sql.init.SqlDataSourceScriptDatabaseInitializer,org.springframework.boot.autoconfigure.sql.init.SqlR2dbcScriptDatabaseInitializer; SearchStrategy: all) did not find any beans (OnBeanCondition)

   DataSourcePoolMetadataProvidersConfiguration.HikariPoolDataSourceMetadataProviderConfiguration matched:
      - @ConditionalOnClass found required class 'com.zaxxer.hikari.HikariDataSource' (OnClassCondition)

   DataSourceTransactionManagerAutoConfiguration matched:
      - @ConditionalOnClass found required classes 'javax.sql.DataSource', 'org.springframework.jdbc.core.JdbcTemplate', 'org.springframework.transaction.TransactionManager' (OnClassCondition)

   DataSourceTransactionManagerAutoConfiguration.JdbcTransactionManagerConfiguration matched:
      - @ConditionalOnSingleCandidate (types: javax.sql.DataSource; SearchStrategy: all) found a single bean 'dataSource' (OnBeanCondition)

   DispatcherServletAutoConfiguration matched:
      - @ConditionalOnClass found required class 'org.springframework.web.servlet.DispatcherServlet' (OnClassCondition)
      - found 'session' scope (OnWebApplicationCondition)

   DispatcherServletAutoConfiguration.DispatcherServletConfiguration matched:
      - @ConditionalOnClass found required class 'jakarta.servlet.ServletRegistration' (OnClassCondition)
      - Default DispatcherServlet did not find dispatcher servlet beans (DispatcherServletAutoConfiguration.DefaultDispatcherServletCondition)

   DispatcherServletAutoConfiguration.DispatcherServletRegistrationConfiguration matched:
      - @ConditionalOnClass found required class 'jakarta.servlet.ServletRegistration' (OnClassCondition)
      - DispatcherServlet Registration did not find servlet registration bean (DispatcherServletAutoConfiguration.DispatcherServletRegistrationCondition)

   DispatcherServletAutoConfiguration.DispatcherServletRegistrationConfiguration#dispatcherServletRegistration matched:
      - @ConditionalOnBean (names: dispatcherServlet types: org.springframework.web.servlet.DispatcherServlet; SearchStrategy: all) found bean 'dispatcherServlet' (OnBeanCondition)

   ErrorMvcAutoConfiguration matched:
      - @ConditionalOnClass found required classes 'jakarta.servlet.Servlet', 'org.springframework.web.servlet.DispatcherServlet' (OnClassCondition)
      - found 'session' scope (OnWebApplicationCondition)

   ErrorMvcAutoConfiguration#basicErrorController matched:
      - @ConditionalOnMissingBean (types: org.springframework.boot.web.servlet.error.ErrorController; SearchStrategy: current) did not find any beans (OnBeanCondition)

   ErrorMvcAutoConfiguration#errorAttributes matched:
      - @ConditionalOnMissingBean (types: org.springframework.boot.web.servlet.error.ErrorAttributes; SearchStrategy: current) did not find any beans (OnBeanCondition)

   ErrorMvcAutoConfiguration.DefaultErrorViewResolverConfiguration#conventionErrorViewResolver matched:
      - @ConditionalOnBean (types: org.springframework.web.servlet.DispatcherServlet; SearchStrategy: all) found bean 'dispatcherServlet'; @ConditionalOnMissingBean (types: org.springframework.boot.autoconfigure.web.servlet.error.ErrorViewResolver; SearchStrategy: all) did not find any beans (OnBeanCondition)

   ErrorMvcAutoConfiguration.WhitelabelErrorViewConfiguration matched:
      - @ConditionalOnProperty (server.error.whitelabel.enabled) matched (OnPropertyCondition)
      - ErrorTemplate Missing did not find error template view (ErrorMvcAutoConfiguration.ErrorTemplateMissingCondition)

   ErrorMvcAutoConfiguration.WhitelabelErrorViewConfiguration#beanNameViewResolver matched:
      - @ConditionalOnMissingBean (types: org.springframework.web.servlet.view.BeanNameViewResolver; SearchStrategy: all) did not find any beans (OnBeanCondition)

   ErrorMvcAutoConfiguration.WhitelabelErrorViewConfiguration#defaultErrorView matched:
      - @ConditionalOnMissingBean (names: error; SearchStrategy: all) did not find any beans (OnBeanCondition)

   GenericCacheConfiguration matched:
      - Cache org.springframework.boot.autoconfigure.cache.GenericCacheConfiguration automatic cache type (CacheCondition)

   HibernateJpaAutoConfiguration matched:
      - @ConditionalOnClass found required classes 'org.springframework.orm.jpa.LocalContainerEntityManagerFactoryBean', 'jakarta.persistence.EntityManager', 'org.hibernate.engine.spi.SessionImplementor' (OnClassCondition)

   HibernateJpaConfiguration matched:
      - @ConditionalOnSingleCandidate (types: javax.sql.DataSource; SearchStrategy: all) found a single bean 'dataSource' (OnBeanCondition)

   HttpClientAutoConfiguration matched:
      - @ConditionalOnClass found required class 'org.springframework.http.client.ClientHttpRequestFactory' (OnClassCondition)
      - NoneNestedConditions 0 matched 1 did not; NestedCondition on NotReactiveWebApplicationCondition.ReactiveWebApplication did not find reactive web application classes (NotReactiveWebApplicationCondition)

   HttpClientAutoConfiguration#clientHttpRequestFactoryBuilder matched:
      - @ConditionalOnMissingBean (types: org.springframework.boot.http.client.ClientHttpRequestFactoryBuilder; SearchStrategy: all) did not find any beans (OnBeanCondition)

   HttpClientAutoConfiguration#clientHttpRequestFactorySettings matched:
      - @ConditionalOnMissingBean (types: org.springframework.boot.http.client.ClientHttpRequestFactorySettings; SearchStrategy: all) did not find any beans (OnBeanCondition)

   HttpEncodingAutoConfiguration matched:
      - @ConditionalOnClass found required class 'org.springframework.web.filter.CharacterEncodingFilter' (OnClassCondition)
      - found 'session' scope (OnWebApplicationCondition)
      - @ConditionalOnProperty (server.servlet.encoding.enabled) matched (OnPropertyCondition)

   HttpEncodingAutoConfiguration#characterEncodingFilter matched:
      - @ConditionalOnMissingBean (types: org.springframework.web.filter.CharacterEncodingFilter; SearchStrategy: all) did not find any beans (OnBeanCondition)

   HttpMessageConvertersAutoConfiguration matched:
      - @ConditionalOnClass found required class 'org.springframework.http.converter.HttpMessageConverter' (OnClassCondition)
      - NoneNestedConditions 0 matched 1 did not; NestedCondition on HttpMessageConvertersAutoConfiguration.NotReactiveWebApplicationCondition.ReactiveWebApplication did not find reactive web application classes (HttpMessageConvertersAutoConfiguration.NotReactiveWebApplicationCondition)

   HttpMessageConvertersAutoConfiguration#messageConverters matched:
      - @ConditionalOnMissingBean (types: org.springframework.boot.autoconfigure.http.HttpMessageConverters; SearchStrategy: all) did not find any beans (OnBeanCondition)

   HttpMessageConvertersAutoConfiguration.StringHttpMessageConverterConfiguration matched:
      - @ConditionalOnClass found required class 'org.springframework.http.converter.StringHttpMessageConverter' (OnClassCondition)

   HttpMessageConvertersAutoConfiguration.StringHttpMessageConverterConfiguration#stringHttpMessageConverter matched:
      - @ConditionalOnMissingBean (types: org.springframework.http.converter.StringHttpMessageConverter; SearchStrategy: all) did not find any beans (OnBeanCondition)

   JacksonAutoConfiguration matched:
      - @ConditionalOnClass found required class 'com.fasterxml.jackson.databind.ObjectMapper' (OnClassCondition)

   JacksonAutoConfiguration.Jackson2ObjectMapperBuilderCustomizerConfiguration matched:
      - @ConditionalOnClass found required class 'org.springframework.http.converter.json.Jackson2ObjectMapperBuilder' (OnClassCondition)

   JacksonAutoConfiguration.JacksonObjectMapperBuilderConfiguration matched:
      - @ConditionalOnClass found required class 'org.springframework.http.converter.json.Jackson2ObjectMapperBuilder' (OnClassCondition)

   JacksonAutoConfiguration.JacksonObjectMapperBuilderConfiguration#jacksonObjectMapperBuilder matched:
      - @ConditionalOnMissingBean (types: org.springframework.http.converter.json.Jackson2ObjectMapperBuilder; SearchStrategy: all) did not find any beans (OnBeanCondition)

   JacksonAutoConfiguration.JacksonObjectMapperConfiguration matched:
      - @ConditionalOnClass found required class 'org.springframework.http.converter.json.Jackson2ObjectMapperBuilder' (OnClassCondition)

   JacksonAutoConfiguration.JacksonObjectMapperConfiguration#jacksonObjectMapper matched:
      - @ConditionalOnMissingBean (types: com.fasterxml.jackson.databind.ObjectMapper; SearchStrategy: all) did not find any beans (OnBeanCondition)

   JacksonAutoConfiguration.ParameterNamesModuleConfiguration matched:
      - @ConditionalOnClass found required class 'com.fasterxml.jackson.module.paramnames.ParameterNamesModule' (OnClassCondition)

   JacksonAutoConfiguration.ParameterNamesModuleConfiguration#parameterNamesModule matched:
      - @ConditionalOnMissingBean (types: com.fasterxml.jackson.module.paramnames.ParameterNamesModule; SearchStrategy: all) did not find any beans (OnBeanCondition)

   JacksonHttpMessageConvertersConfiguration.MappingJackson2HttpMessageConverterConfiguration matched:
      - @ConditionalOnClass found required class 'com.fasterxml.jackson.databind.ObjectMapper' (OnClassCondition)
      - @ConditionalOnProperty (spring.mvc.converters.preferred-json-mapper=jackson) matched (OnPropertyCondition)
      - @ConditionalOnBean (types: com.fasterxml.jackson.databind.ObjectMapper; SearchStrategy: all) found bean 'jacksonObjectMapper' (OnBeanCondition)

   JacksonHttpMessageConvertersConfiguration.MappingJackson2HttpMessageConverterConfiguration#mappingJackson2HttpMessageConverter matched:
      - @ConditionalOnMissingBean (types: org.springframework.http.converter.json.MappingJackson2HttpMessageConverter ignored: org.springframework.hateoas.server.mvc.TypeConstrainedMappingJackson2HttpMessageConverter,org.springframework.data.rest.webmvc.alps.AlpsJsonHttpMessageConverter; SearchStrategy: all) did not find any beans (OnBeanCondition)

   JdbcClientAutoConfiguration matched:
      - @ConditionalOnSingleCandidate (types: org.springframework.jdbc.core.namedparam.NamedParameterJdbcTemplate; SearchStrategy: all) found a single bean 'namedParameterJdbcTemplate'; @ConditionalOnMissingBean (types: org.springframework.jdbc.core.simple.JdbcClient; SearchStrategy: all) did not find any beans (OnBeanCondition)

   JdbcTemplateAutoConfiguration matched:
      - @ConditionalOnClass found required classes 'javax.sql.DataSource', 'org.springframework.jdbc.core.JdbcTemplate' (OnClassCondition)
      - @ConditionalOnSingleCandidate (types: javax.sql.DataSource; SearchStrategy: all) found a single bean 'dataSource' (OnBeanCondition)

   JdbcTemplateConfiguration matched:
      - @ConditionalOnMissingBean (types: org.springframework.jdbc.core.JdbcOperations; SearchStrategy: all) did not find any beans (OnBeanCondition)

   JpaBaseConfiguration#entityManagerFactory matched:
      - @ConditionalOnMissingBean (types: org.springframework.orm.jpa.LocalContainerEntityManagerFactoryBean,jakarta.persistence.EntityManagerFactory; SearchStrategy: all) did not find any beans (OnBeanCondition)

   JpaBaseConfiguration#entityManagerFactoryBuilder matched:
      - @ConditionalOnMissingBean (types: org.springframework.boot.orm.jpa.EntityManagerFactoryBuilder; SearchStrategy: all) did not find any beans (OnBeanCondition)

   JpaBaseConfiguration#jpaVendorAdapter matched:
      - @ConditionalOnMissingBean (types: org.springframework.orm.jpa.JpaVendorAdapter; SearchStrategy: all) did not find any beans (OnBeanCondition)

   JpaBaseConfiguration#transactionManager matched:
      - @ConditionalOnMissingBean (types: org.springframework.transaction.TransactionManager; SearchStrategy: all) did not find any beans (OnBeanCondition)

   JpaBaseConfiguration.PersistenceManagedTypesConfiguration matched:
      - @ConditionalOnMissingBean (types: org.springframework.orm.jpa.LocalContainerEntityManagerFactoryBean,jakarta.persistence.EntityManagerFactory; SearchStrategy: all) did not find any beans (OnBeanCondition)

   JpaBaseConfiguration.PersistenceManagedTypesConfiguration#persistenceManagedTypes matched:
      - @ConditionalOnMissingBean (types: org.springframework.orm.jpa.persistenceunit.PersistenceManagedTypes; SearchStrategy: all) did not find any beans (OnBeanCondition)

   JpaRepositoriesAutoConfiguration matched:
      - @ConditionalOnClass found required class 'org.springframework.data.jpa.repository.JpaRepository' (OnClassCondition)
      - @ConditionalOnProperty (spring.data.jpa.repositories.enabled=true) matched (OnPropertyCondition)
      - @ConditionalOnBean (types: javax.sql.DataSource; SearchStrategy: all) found bean 'dataSource'; @ConditionalOnMissingBean (types: org.springframework.data.jpa.repository.support.JpaRepositoryFactoryBean,org.springframework.data.jpa.repository.config.JpaRepositoryConfigExtension; SearchStrategy: all) did not find any beans (OnBeanCondition)

   JtaAutoConfiguration matched:
      - @ConditionalOnClass found required class 'jakarta.transaction.Transaction' (OnClassCondition)
      - @ConditionalOnProperty (spring.jta.enabled) matched (OnPropertyCondition)

   LifecycleAutoConfiguration#defaultLifecycleProcessor matched:
      - @ConditionalOnMissingBean (names: lifecycleProcessor; SearchStrategy: current) did not find any beans (OnBeanCondition)

   MockMvcAutoConfiguration matched:
      - found 'session' scope (OnWebApplicationCondition)

   MockMvcConfiguration#mockMvc matched:
      - @ConditionalOnMissingBean (types: org.springframework.test.web.servlet.MockMvc; SearchStrategy: all) did not find any beans (OnBeanCondition)

   MockMvcConfiguration#mockMvcBuilder matched:
      - @ConditionalOnMissingBean (types: org.springframework.test.web.servlet.MockMvcBuilder; SearchStrategy: all) did not find any beans (OnBeanCondition)

   MockMvcTesterConfiguration matched:
      - @ConditionalOnClass found required class 'org.assertj.core.api.Assert' (OnClassCondition)

   MockMvcTesterConfiguration#mockMvcTester matched:
      - @ConditionalOnMissingBean (types: org.springframework.test.web.servlet.assertj.MockMvcTester; SearchStrategy: all) did not find any beans (OnBeanCondition)

   MultipartAutoConfiguration matched:
      - @ConditionalOnClass found required classes 'jakarta.servlet.Servlet', 'org.springframework.web.multipart.support.StandardServletMultipartResolver', 'jakarta.servlet.MultipartConfigElement' (OnClassCondition)
      - found 'session' scope (OnWebApplicationCondition)
      - @ConditionalOnProperty (spring.servlet.multipart.enabled) matched (OnPropertyCondition)

   MultipartAutoConfiguration#multipartConfigElement matched:
      - @ConditionalOnMissingBean (types: jakarta.servlet.MultipartConfigElement; SearchStrategy: all) did not find any beans (OnBeanCondition)

   MultipartAutoConfiguration#multipartResolver matched:
      - @ConditionalOnMissingBean (types: org.springframework.web.multipart.MultipartResolver; SearchStrategy: all) did not find any beans (OnBeanCondition)

   NamedParameterJdbcTemplateConfiguration matched:
      - @ConditionalOnSingleCandidate (types: org.springframework.jdbc.core.JdbcTemplate; SearchStrategy: all) found a single bean 'jdbcTemplate'; @ConditionalOnMissingBean (types: org.springframework.jdbc.core.namedparam.NamedParameterJdbcOperations; SearchStrategy: all) did not find any beans (OnBeanCondition)

   NoOpCacheConfiguration matched:
      - Cache org.springframework.boot.autoconfigure.cache.NoOpCacheConfiguration automatic cache type (CacheCondition)

   PersistenceExceptionTranslationAutoConfiguration matched:
      - @ConditionalOnClass found required class 'org.springframework.dao.annotation.PersistenceExceptionTranslationPostProcessor' (OnClassCondition)

   PersistenceExceptionTranslationAutoConfiguration#persistenceExceptionTranslationPostProcessor matched:
      - @ConditionalOnProperty (spring.dao.exceptiontranslation.enabled) matched (OnPropertyCondition)
      - @ConditionalOnMissingBean (types: org.springframework.dao.annotation.PersistenceExceptionTranslationPostProcessor; SearchStrategy: all) did not find any beans (OnBeanCondition)

   PropertyPlaceholderAutoConfiguration#propertySourcesPlaceholderConfigurer matched:
      - @ConditionalOnMissingBean (types: org.springframework.context.support.PropertySourcesPlaceholderConfigurer; SearchStrategy: current) did not find any beans (OnBeanCondition)

   RestClientAutoConfiguration matched:
      - @ConditionalOnClass found required class 'org.springframework.web.client.RestClient' (OnClassCondition)
      - NoneNestedConditions 0 matched 1 did not; NestedCondition on NotReactiveWebApplicationCondition.ReactiveWebApplication did not find reactive web application classes (NotReactiveWebApplicationCondition)

   RestClientAutoConfiguration#httpMessageConvertersRestClientCustomizer matched:
      - @ConditionalOnMissingBean (types: org.springframework.boot.autoconfigure.web.client.HttpMessageConvertersRestClientCustomizer; SearchStrategy: all) did not find any beans (OnBeanCondition)

   RestClientAutoConfiguration#restClientBuilder matched:
      - @ConditionalOnMissingBean (types: org.springframework.web.client.RestClient$Builder; SearchStrategy: all) did not find any beans (OnBeanCondition)

   RestClientAutoConfiguration#restClientBuilderConfigurer matched:
      - @ConditionalOnMissingBean (types: org.springframework.boot.autoconfigure.web.client.RestClientBuilderConfigurer; SearchStrategy: all) did not find any beans (OnBeanCondition)

   RestClientAutoConfiguration#restClientSsl matched:
      - @ConditionalOnBean (types: org.springframework.boot.ssl.SslBundles; SearchStrategy: all) found bean 'sslBundleRegistry'; @ConditionalOnMissingBean (types: org.springframework.boot.autoconfigure.web.client.RestClientSsl; SearchStrategy: all) did not find any beans (OnBeanCondition)

   RestTemplateAutoConfiguration matched:
      - @ConditionalOnClass found required class 'org.springframework.web.client.RestTemplate' (OnClassCondition)
      - NoneNestedConditions 0 matched 1 did not; NestedCondition on NotReactiveWebApplicationCondition.ReactiveWebApplication did not find reactive web application classes (NotReactiveWebApplicationCondition)

   RestTemplateAutoConfiguration#restTemplateBuilder matched:
      - @ConditionalOnMissingBean (types: org.springframework.boot.web.client.RestTemplateBuilder; SearchStrategy: all) did not find any beans (OnBeanCondition)

   ServletWebServerFactoryAutoConfiguration matched:
      - @ConditionalOnClass found required class 'jakarta.servlet.ServletRequest' (OnClassCondition)
      - found 'session' scope (OnWebApplicationCondition)

   ServletWebServerFactoryAutoConfiguration#tomcatServletWebServerFactoryCustomizer matched:
      - @ConditionalOnClass found required class 'org.apache.catalina.startup.Tomcat' (OnClassCondition)

   ServletWebServerFactoryConfiguration.EmbeddedTomcat matched:
      - @ConditionalOnClass found required classes 'jakarta.servlet.Servlet', 'org.apache.catalina.startup.Tomcat', 'org.apache.coyote.UpgradeProtocol' (OnClassCondition)
      - @ConditionalOnMissingBean (types: org.springframework.boot.web.servlet.server.ServletWebServerFactory; SearchStrategy: current) did not find any beans (OnBeanCondition)

   SimpleCacheConfiguration matched:
      - Cache org.springframework.boot.autoconfigure.cache.SimpleCacheConfiguration automatic cache type (CacheCondition)

   SpringDataWebAutoConfiguration matched:
      - @ConditionalOnClass found required classes 'org.springframework.data.web.PageableHandlerMethodArgumentResolver', 'org.springframework.web.servlet.config.annotation.WebMvcConfigurer' (OnClassCondition)
      - found 'session' scope (OnWebApplicationCondition)
      - @ConditionalOnMissingBean (types: org.springframework.data.web.PageableHandlerMethodArgumentResolver; SearchStrategy: all) did not find any beans (OnBeanCondition)

   SpringDataWebAutoConfiguration#pageableCustomizer matched:
      - @ConditionalOnMissingBean (types: org.springframework.data.web.config.PageableHandlerMethodArgumentResolverCustomizer; SearchStrategy: all) did not find any beans (OnBeanCondition)

   SpringDataWebAutoConfiguration#sortCustomizer matched:
      - @ConditionalOnMissingBean (types: org.springframework.data.web.config.SortHandlerMethodArgumentResolverCustomizer; SearchStrategy: all) did not find any beans (OnBeanCondition)

   SpringDataWebAutoConfiguration#springDataWebSettings matched:
      - @ConditionalOnMissingBean (types: org.springframework.data.web.config.SpringDataWebSettings; SearchStrategy: all) did not find any beans (OnBeanCondition)

   SqlInitializationAutoConfiguration matched:
      - @ConditionalOnProperty (spring.sql.init.enabled) matched (OnPropertyCondition)
      - NoneNestedConditions 0 matched 1 did not; NestedCondition on SqlInitializationAutoConfiguration.SqlInitializationModeCondition.ModeIsNever @ConditionalOnProperty (spring.sql.init.mode=never) did not find property 'mode' (SqlInitializationAutoConfiguration.SqlInitializationModeCondition)

   SslAutoConfiguration#sslBundleRegistry matched:
      - @ConditionalOnMissingBean (types: org.springframework.boot.ssl.SslBundleRegistry,org.springframework.boot.ssl.SslBundles; SearchStrategy: all) did not find any beans (OnBeanCondition)

   TaskExecutionAutoConfiguration matched:
      - @ConditionalOnClass found required class 'org.springframework.scheduling.concurrent.ThreadPoolTaskExecutor' (OnClassCondition)

   TaskExecutorConfigurations.SimpleAsyncTaskExecutorBuilderConfiguration#simpleAsyncTaskExecutorBuilder matched:
      - @ConditionalOnMissingBean (types: org.springframework.boot.task.SimpleAsyncTaskExecutorBuilder; SearchStrategy: all) did not find any beans (OnBeanCondition)
      - @ConditionalOnThreading found PLATFORM (OnThreadingCondition)

   TaskExecutorConfigurations.TaskExecutorConfiguration matched:
      - @ConditionalOnMissingBean (types: java.util.concurrent.Executor; SearchStrategy: all) did not find any beans (OnBeanCondition)

   TaskExecutorConfigurations.TaskExecutorConfiguration#applicationTaskExecutor matched:
      - @ConditionalOnThreading found PLATFORM (OnThreadingCondition)

   TaskExecutorConfigurations.ThreadPoolTaskExecutorBuilderConfiguration#threadPoolTaskExecutorBuilder matched:
      - @ConditionalOnMissingBean (types: org.springframework.boot.task.ThreadPoolTaskExecutorBuilder; SearchStrategy: all) did not find any beans (OnBeanCondition)

   TaskSchedulingAutoConfiguration matched:
      - @ConditionalOnClass found required class 'org.springframework.scheduling.concurrent.ThreadPoolTaskScheduler' (OnClassCondition)

   TaskSchedulingConfigurations.SimpleAsyncTaskSchedulerBuilderConfiguration#simpleAsyncTaskSchedulerBuilder matched:
      - @ConditionalOnMissingBean (types: org.springframework.boot.task.SimpleAsyncTaskSchedulerBuilder; SearchStrategy: all) did not find any beans (OnBeanCondition)
      - @ConditionalOnThreading found PLATFORM (OnThreadingCondition)

   TaskSchedulingConfigurations.ThreadPoolTaskSchedulerBuilderConfiguration#threadPoolTaskSchedulerBuilder matched:
      - @ConditionalOnMissingBean (types: org.springframework.boot.task.ThreadPoolTaskSchedulerBuilder; SearchStrategy: all) did not find any beans (OnBeanCondition)

   TransactionAutoConfiguration matched:
      - @ConditionalOnClass found required class 'org.springframework.transaction.PlatformTransactionManager' (OnClassCondition)

   TransactionAutoConfiguration.EnableTransactionManagementConfiguration matched:
      - @ConditionalOnBean (types: org.springframework.transaction.TransactionManager; SearchStrategy: all) found bean 'transactionManager'; @ConditionalOnMissingBean (types: org.springframework.transaction.annotation.AbstractTransactionManagementConfiguration; SearchStrategy: all) did not find any beans (OnBeanCondition)

   TransactionAutoConfiguration.EnableTransactionManagementConfiguration.CglibAutoProxyConfiguration matched:
      - @ConditionalOnProperty (spring.aop.proxy-target-class=true) matched (OnPropertyCondition)

   TransactionAutoConfiguration.TransactionTemplateConfiguration matched:
      - @ConditionalOnSingleCandidate (types: org.springframework.transaction.PlatformTransactionManager; SearchStrategy: all) found a single bean 'transactionManager' (OnBeanCondition)

   TransactionAutoConfiguration.TransactionTemplateConfiguration#transactionTemplate matched:
      - @ConditionalOnMissingBean (types: org.springframework.transaction.support.TransactionOperations; SearchStrategy: all) did not find any beans (OnBeanCondition)

   TransactionManagerCustomizationAutoConfiguration matched:
      - @ConditionalOnClass found required class 'org.springframework.transaction.PlatformTransactionManager' (OnClassCondition)

   TransactionManagerCustomizationAutoConfiguration#platformTransactionManagerCustomizers matched:
      - @ConditionalOnMissingBean (types: org.springframework.boot.autoconfigure.transaction.TransactionManagerCustomizers; SearchStrategy: all) did not find any beans (OnBeanCondition)

   WebMvcAutoConfiguration matched:
      - @ConditionalOnClass found required classes 'jakarta.servlet.Servlet', 'org.springframework.web.servlet.DispatcherServlet', 'org.springframework.web.servlet.config.annotation.WebMvcConfigurer' (OnClassCondition)
      - found 'session' scope (OnWebApplicationCondition)
      - @ConditionalOnMissingBean (types: org.springframework.web.servlet.config.annotation.WebMvcConfigurationSupport; SearchStrategy: all) did not find any beans (OnBeanCondition)

   WebMvcAutoConfiguration#formContentFilter matched:
      - @ConditionalOnProperty (spring.mvc.formcontent.filter.enabled) matched (OnPropertyCondition)
      - @ConditionalOnMissingBean (types: org.springframework.web.filter.FormContentFilter; SearchStrategy: all) did not find any beans (OnBeanCondition)

   WebMvcAutoConfiguration.EnableWebMvcConfiguration#flashMapManager matched:
      - @ConditionalOnMissingBean (names: flashMapManager; SearchStrategy: all) did not find any beans (OnBeanCondition)

   WebMvcAutoConfiguration.EnableWebMvcConfiguration#localeResolver matched:
      - @ConditionalOnMissingBean (names: localeResolver; SearchStrategy: all) did not find any beans (OnBeanCondition)

   WebMvcAutoConfiguration.EnableWebMvcConfiguration#themeResolver matched:
      - @ConditionalOnMissingBean (names: themeResolver; SearchStrategy: all) did not find any beans (OnBeanCondition)

   WebMvcAutoConfiguration.EnableWebMvcConfiguration#viewNameTranslator matched:
      - @ConditionalOnMissingBean (names: viewNameTranslator; SearchStrategy: all) did not find any beans (OnBeanCondition)

   WebMvcAutoConfiguration.WebMvcAutoConfigurationAdapter#defaultViewResolver matched:
      - @ConditionalOnMissingBean (types: org.springframework.web.servlet.view.InternalResourceViewResolver; SearchStrategy: all) did not find any beans (OnBeanCondition)

   WebMvcAutoConfiguration.WebMvcAutoConfigurationAdapter#requestContextFilter matched:
      - @ConditionalOnMissingBean (types: org.springframework.web.context.request.RequestContextListener,org.springframework.web.filter.RequestContextFilter; SearchStrategy: all) did not find any beans (OnBeanCondition)

   WebMvcAutoConfiguration.WebMvcAutoConfigurationAdapter#viewResolver matched:
      - @ConditionalOnBean (types: org.springframework.web.servlet.ViewResolver; SearchStrategy: all) found beans 'defaultViewResolver', 'beanNameViewResolver', 'mvcViewResolver'; @ConditionalOnMissingBean (names: viewResolver types: org.springframework.web.servlet.view.ContentNegotiatingViewResolver; SearchStrategy: all) did not find any beans (OnBeanCondition)

   WebSocketServletAutoConfiguration matched:
      - @ConditionalOnClass found required classes 'jakarta.servlet.Servlet', 'jakarta.websocket.server.ServerContainer' (OnClassCondition)
      - found 'session' scope (OnWebApplicationCondition)

   WebSocketServletAutoConfiguration.TomcatWebSocketConfiguration matched:
      - @ConditionalOnClass found required classes 'org.apache.catalina.startup.Tomcat', 'org.apache.tomcat.websocket.server.WsSci' (OnClassCondition)

   WebSocketServletAutoConfiguration.TomcatWebSocketConfiguration#websocketServletWebServerCustomizer matched:
      - @ConditionalOnMissingBean (names: websocketServletWebServerCustomizer; SearchStrategy: all) did not find any beans (OnBeanCondition)


Negative matches:
-----------------

   ActiveMQAutoConfiguration:
      Did not match:
         - @ConditionalOnClass did not find required class 'jakarta.jms.ConnectionFactory' (OnClassCondition)

   AopAutoConfiguration.AspectJAutoProxyingConfiguration.JdkDynamicAutoProxyConfiguration:
      Did not match:
         - @ConditionalOnProperty (spring.aop.proxy-target-class=false) did not find property 'proxy-target-class' (OnPropertyCondition)

   AopAutoConfiguration.ClassProxyingConfiguration:
      Did not match:
         - @ConditionalOnMissingClass found unwanted class 'org.aspectj.weaver.Advice' (OnClassCondition)

   ArtemisAutoConfiguration:
      Did not match:
         - @ConditionalOnClass did not find required class 'jakarta.jms.ConnectionFactory' (OnClassCondition)

   BatchAutoConfiguration:
      Did not match:
         - @ConditionalOnClass did not find required class 'org.springframework.batch.core.launch.JobLauncher' (OnClassCondition)

   Cache2kCacheConfiguration:
      Did not match:
         - @ConditionalOnClass did not find required class 'org.cache2k.Cache2kBuilder' (OnClassCondition)

   CacheAutoConfiguration:
      Did not match:
         - @ConditionalOnBean (types: org.springframework.cache.interceptor.CacheAspectSupport; SearchStrategy: all) did not find any beans of type org.springframework.cache.interceptor.CacheAspectSupport (OnBeanCondition)
      Matched:
         - @ConditionalOnClass found required class 'org.springframework.cache.CacheManager' (OnClassCondition)

   CacheAutoConfiguration.CacheManagerEntityManagerFactoryDependsOnPostProcessor:
      Did not match:
         - Ancestor org.springframework.boot.autoconfigure.cache.CacheAutoConfiguration did not match (ConditionEvaluationReport.AncestorsMatchedCondition)
      Matched:
         - @ConditionalOnClass found required class 'org.springframework.orm.jpa.LocalContainerEntityManagerFactoryBean' (OnClassCondition)

   CaffeineCacheConfiguration:
      Did not match:
         - @ConditionalOnClass did not find required class 'com.github.benmanes.caffeine.cache.Caffeine' (OnClassCondition)

   CassandraAutoConfiguration:
      Did not match:
         - @ConditionalOnClass did not find required class 'com.datastax.oss.driver.api.core.CqlSession' (OnClassCondition)

   CassandraDataAutoConfiguration:
      Did not match:
         - @ConditionalOnClass did not find required class 'com.datastax.oss.driver.api.core.CqlSession' (OnClassCondition)

   CassandraReactiveDataAutoConfiguration:
      Did not match:
         - @ConditionalOnClass did not find required class 'com.datastax.oss.driver.api.core.CqlSession' (OnClassCondition)

   CassandraReactiveRepositoriesAutoConfiguration:
      Did not match:
         - @ConditionalOnClass did not find required class 'org.springframework.data.cassandra.ReactiveSession' (OnClassCondition)

   CassandraRepositoriesAutoConfiguration:
      Did not match:
         - @ConditionalOnClass did not find required class 'com.datastax.oss.driver.api.core.CqlSession' (OnClassCondition)

   ClientHttpConnectorAutoConfiguration:
      Did not match:
         - @ConditionalOnClass did not find required class 'org.springframework.web.reactive.function.client.WebClient' (OnClassCondition)

   CodecsAutoConfiguration:
      Did not match:
         - @ConditionalOnClass did not find required class 'org.springframework.web.reactive.function.client.WebClient' (OnClassCondition)

   CouchbaseAutoConfiguration:
      Did not match:
         - @ConditionalOnClass did not find required class 'com.couchbase.client.java.Cluster' (OnClassCondition)

   CouchbaseCacheConfiguration:
      Did not match:
         - @ConditionalOnClass did not find required class 'com.couchbase.client.java.Cluster' (OnClassCondition)

   CouchbaseDataAutoConfiguration:
      Did not match:
         - @ConditionalOnClass did not find required class 'com.couchbase.client.java.Bucket' (OnClassCondition)

   CouchbaseReactiveDataAutoConfiguration:
      Did not match:
         - @ConditionalOnClass did not find required class 'com.couchbase.client.java.Cluster' (OnClassCondition)

   CouchbaseReactiveRepositoriesAutoConfiguration:
      Did not match:
         - @ConditionalOnClass did not find required class 'com.couchbase.client.java.Cluster' (OnClassCondition)

   CouchbaseRepositoriesAutoConfiguration:
      Did not match:
         - @ConditionalOnClass did not find required class 'com.couchbase.client.java.Bucket' (OnClassCondition)

   DataSourceAutoConfiguration.EmbeddedDatabaseConfiguration:
      Did not match:
         - EmbeddedDataSource spring.datasource.url is set (DataSourceAutoConfiguration.EmbeddedDatabaseCondition)

   DataSourceCheckpointRestoreConfiguration:
      Did not match:
         - @ConditionalOnClass did not find required class 'org.crac.Resource' (OnClassCondition)

   DataSourceConfiguration.Dbcp2:
      Did not match:
         - @ConditionalOnClass did not find required class 'org.apache.commons.dbcp2.BasicDataSource' (OnClassCondition)

   DataSourceConfiguration.Generic:
      Did not match:
         - @ConditionalOnProperty (spring.datasource.type) did not find property 'spring.datasource.type' (OnPropertyCondition)

   DataSourceConfiguration.OracleUcp:
      Did not match:
         - @ConditionalOnClass did not find required classes 'oracle.ucp.jdbc.PoolDataSourceImpl', 'oracle.jdbc.OracleConnection' (OnClassCondition)

   DataSourceConfiguration.Tomcat:
      Did not match:
         - @ConditionalOnClass did not find required class 'org.apache.tomcat.jdbc.pool.DataSource' (OnClassCondition)

   DataSourceJmxConfiguration:
      Did not match:
         - @ConditionalOnProperty (spring.jmx.enabled=true) found different value in property 'enabled' (OnPropertyCondition)

   DataSourcePoolMetadataProvidersConfiguration.CommonsDbcp2PoolDataSourceMetadataProviderConfiguration:
      Did not match:
         - @ConditionalOnClass did not find required class 'org.apache.commons.dbcp2.BasicDataSource' (OnClassCondition)

   DataSourcePoolMetadataProvidersConfiguration.OracleUcpPoolDataSourceMetadataProviderConfiguration:
      Did not match:
         - @ConditionalOnClass did not find required classes 'oracle.ucp.jdbc.PoolDataSource', 'oracle.jdbc.OracleConnection' (OnClassCondition)

   DataSourcePoolMetadataProvidersConfiguration.TomcatDataSourcePoolMetadataProviderConfiguration:
      Did not match:
         - @ConditionalOnClass did not find required class 'org.apache.tomcat.jdbc.pool.DataSource' (OnClassCondition)

   DataSourceTransactionManagerAutoConfiguration.JdbcTransactionManagerConfiguration#transactionManager:
      Did not match:
         - @ConditionalOnMissingBean (types: org.springframework.transaction.TransactionManager; SearchStrategy: all) found beans of type 'org.springframework.transaction.TransactionManager' transactionManager (OnBeanCondition)

   DispatcherServletAutoConfiguration.DispatcherServletConfiguration#multipartResolver:
      Did not match:
         - @ConditionalOnBean (types: org.springframework.web.multipart.MultipartResolver; SearchStrategy: all) did not find any beans of type org.springframework.web.multipart.MultipartResolver (OnBeanCondition)

   ElasticsearchClientAutoConfiguration:
      Did not match:
         - @ConditionalOnClass did not find required class 'co.elastic.clients.elasticsearch.ElasticsearchClient' (OnClassCondition)

   ElasticsearchDataAutoConfiguration:
      Did not match:
         - @ConditionalOnClass did not find required class 'org.springframework.data.elasticsearch.client.elc.ElasticsearchTemplate' (OnClassCondition)

   ElasticsearchRepositoriesAutoConfiguration:
      Did not match:
         - @ConditionalOnClass did not find required class 'org.springframework.data.elasticsearch.repository.ElasticsearchRepository' (OnClassCondition)

   ElasticsearchRestClientAutoConfiguration:
      Did not match:
         - @ConditionalOnClass did not find required class 'org.elasticsearch.client.RestClientBuilder' (OnClassCondition)

   EmbeddedLdapAutoConfiguration:
      Did not match:
         - @ConditionalOnClass did not find required class 'com.unboundid.ldap.listener.InMemoryDirectoryServer' (OnClassCondition)

   EmbeddedWebServerFactoryCustomizerAutoConfiguration:
      Did not match:
         - Application is deployed as a WAR file. (OnWarDeploymentCondition)
      Matched:
         - @ConditionalOnWebApplication (required) found 'session' scope (OnWebApplicationCondition)

   ErrorWebFluxAutoConfiguration:
      Did not match:
         - @ConditionalOnClass did not find required class 'org.springframework.web.reactive.config.WebFluxConfigurer' (OnClassCondition)

   FlywayAutoConfiguration:
      Did not match:
         - @ConditionalOnClass did not find required class 'org.flywaydb.core.Flyway' (OnClassCondition)

   FreeMarkerAutoConfiguration:
      Did not match:
         - @ConditionalOnClass did not find required class 'freemarker.template.Configuration' (OnClassCondition)

   GraphQlAutoConfiguration:
      Did not match:
         - @ConditionalOnClass did not find required class 'graphql.GraphQL' (OnClassCondition)

   GraphQlQueryByExampleAutoConfiguration:
      Did not match:
         - @ConditionalOnClass did not find required class 'graphql.GraphQL' (OnClassCondition)

   GraphQlQuerydslAutoConfiguration:
      Did not match:
         - @ConditionalOnClass did not find required class 'com.querydsl.core.Query' (OnClassCondition)

   GraphQlRSocketAutoConfiguration:
      Did not match:
         - @ConditionalOnClass did not find required class 'graphql.GraphQL' (OnClassCondition)

   GraphQlReactiveQueryByExampleAutoConfiguration:
      Did not match:
         - @ConditionalOnClass did not find required class 'graphql.GraphQL' (OnClassCondition)

   GraphQlReactiveQuerydslAutoConfiguration:
      Did not match:
         - @ConditionalOnClass did not find required class 'com.querydsl.core.Query' (OnClassCondition)

   GraphQlWebFluxAutoConfiguration:
      Did not match:
         - @ConditionalOnClass did not find required class 'graphql.GraphQL' (OnClassCondition)

   GraphQlWebFluxSecurityAutoConfiguration:
      Did not match:
         - @ConditionalOnClass did not find required class 'graphql.GraphQL' (OnClassCondition)

   GraphQlWebMvcAutoConfiguration:
      Did not match:
         - @ConditionalOnClass did not find required class 'graphql.GraphQL' (OnClassCondition)

   GraphQlWebMvcSecurityAutoConfiguration:
      Did not match:
         - @ConditionalOnClass did not find required class 'graphql.GraphQL' (OnClassCondition)

   GroovyTemplateAutoConfiguration:
      Did not match:
         - @ConditionalOnClass did not find required class 'groovy.text.markup.MarkupTemplateEngine' (OnClassCondition)

   GsonAutoConfiguration:
      Did not match:
         - @ConditionalOnClass did not find required class 'com.google.gson.Gson' (OnClassCondition)

   GsonHttpMessageConvertersConfiguration:
      Did not match:
         - @ConditionalOnClass did not find required class 'com.google.gson.Gson' (OnClassCondition)

   H2ConsoleAutoConfiguration:
      Did not match:
         - @ConditionalOnProperty (spring.h2.console.enabled=true) did not find property 'enabled' (OnPropertyCondition)
      Matched:
         - @ConditionalOnClass found required class 'org.h2.server.web.JakartaWebServlet' (OnClassCondition)
         - found 'session' scope (OnWebApplicationCondition)

   HazelcastAutoConfiguration:
      Did not match:
         - @ConditionalOnClass did not find required class 'com.hazelcast.core.HazelcastInstance' (OnClassCondition)

   HazelcastCacheConfiguration:
      Did not match:
         - @ConditionalOnClass did not find required class 'com.hazelcast.core.HazelcastInstance' (OnClassCondition)

   HazelcastJpaDependencyAutoConfiguration:
      Did not match:
         - @ConditionalOnClass did not find required class 'com.hazelcast.core.HazelcastInstance' (OnClassCondition)

   HttpHandlerAutoConfiguration:
      Did not match:
         - @ConditionalOnClass did not find required class 'org.springframework.web.reactive.DispatcherHandler' (OnClassCondition)

   HypermediaAutoConfiguration:
      Did not match:
         - @ConditionalOnClass did not find required class 'org.springframework.hateoas.EntityModel' (OnClassCondition)

   InfinispanCacheConfiguration:
      Did not match:
         - @ConditionalOnClass did not find required class 'org.infinispan.spring.embedded.provider.SpringEmbeddedCacheManager' (OnClassCondition)

   IntegrationAutoConfiguration:
      Did not match:
         - @ConditionalOnClass did not find required class 'org.springframework.integration.config.EnableIntegration' (OnClassCondition)

   JCacheCacheConfiguration:
      Did not match:
         - @ConditionalOnClass did not find required class 'javax.cache.Caching' (OnClassCondition)

   JacksonHttpMessageConvertersConfiguration.MappingJackson2XmlHttpMessageConverterConfiguration:
      Did not match:
         - @ConditionalOnClass did not find required class 'com.fasterxml.jackson.dataformat.xml.XmlMapper' (OnClassCondition)

   JdbcRepositoriesAutoConfiguration:
      Did not match:
         - @ConditionalOnClass did not find required class 'org.springframework.data.jdbc.repository.config.AbstractJdbcConfiguration' (OnClassCondition)

   JerseyAutoConfiguration:
      Did not match:
         - @ConditionalOnClass did not find required class 'org.glassfish.jersey.server.spring.SpringComponentProvider' (OnClassCondition)

   JmsAutoConfiguration:
      Did not match:
         - @ConditionalOnClass did not find required class 'jakarta.jms.Message' (OnClassCondition)

   JmxAutoConfiguration:
      Did not match:
         - @ConditionalOnProperty (spring.jmx.enabled=true) found different value in property 'enabled' (OnPropertyCondition)
      Matched:
         - @ConditionalOnClass found required class 'org.springframework.jmx.export.MBeanExporter' (OnClassCondition)

   JndiConnectionFactoryAutoConfiguration:
      Did not match:
         - @ConditionalOnClass did not find required class 'org.springframework.jms.core.JmsTemplate' (OnClassCondition)

   JndiDataSourceAutoConfiguration:
      Did not match:
         - @ConditionalOnProperty (spring.datasource.jndi-name) did not find property 'jndi-name' (OnPropertyCondition)
      Matched:
         - @ConditionalOnClass found required classes 'javax.sql.DataSource', 'org.springframework.jdbc.datasource.embedded.EmbeddedDatabaseType' (OnClassCondition)

   JndiJtaConfiguration:
      Did not match:
         - @ConditionalOnJndi JNDI environment is not available (OnJndiCondition)
      Matched:
         - @ConditionalOnClass found required class 'org.springframework.transaction.jta.JtaTransactionManager' (OnClassCondition)

   JooqAutoConfiguration:
      Did not match:
         - @ConditionalOnClass did not find required class 'org.jooq.DSLContext' (OnClassCondition)

   JpaBaseConfiguration.JpaWebConfiguration:
      Did not match:
         - @ConditionalOnProperty (spring.jpa.open-in-view=true) found different value in property 'open-in-view' (OnPropertyCondition)
      Matched:
         - @ConditionalOnClass found required class 'org.springframework.web.servlet.config.annotation.WebMvcConfigurer' (OnClassCondition)
         - found 'session' scope (OnWebApplicationCondition)

   JpaRepositoriesAutoConfiguration#entityManagerFactoryBootstrapExecutorCustomizer:
      Did not match:
         - AnyNestedCondition 0 matched 2 did not; NestedCondition on JpaRepositoriesAutoConfiguration.BootstrapExecutorCondition.LazyBootstrapMode @ConditionalOnProperty (spring.data.jpa.repositories.bootstrap-mode=lazy) did not find property 'bootstrap-mode'; NestedCondition on JpaRepositoriesAutoConfiguration.BootstrapExecutorCondition.DeferredBootstrapMode @ConditionalOnProperty (spring.data.jpa.repositories.bootstrap-mode=deferred) did not find property 'bootstrap-mode' (JpaRepositoriesAutoConfiguration.BootstrapExecutorCondition)

   JsonbAutoConfiguration:
      Did not match:
         - @ConditionalOnClass did not find required class 'jakarta.json.bind.Jsonb' (OnClassCondition)

   JsonbHttpMessageConvertersConfiguration:
      Did not match:
         - @ConditionalOnClass did not find required class 'jakarta.json.bind.Jsonb' (OnClassCondition)

   KafkaAutoConfiguration:
      Did not match:
         - @ConditionalOnClass did not find required class 'org.springframework.kafka.core.KafkaTemplate' (OnClassCondition)

   LdapAutoConfiguration:
      Did not match:
         - @ConditionalOnClass did not find required class 'org.springframework.ldap.core.ContextSource' (OnClassCondition)

   LdapRepositoriesAutoConfiguration:
      Did not match:
         - @ConditionalOnClass did not find required class 'org.springframework.data.ldap.repository.LdapRepository' (OnClassCondition)

   LiquibaseAutoConfiguration:
      Did not match:
         - @ConditionalOnClass did not find required class 'liquibase.change.DatabaseChange' (OnClassCondition)

   MailSenderAutoConfiguration:
      Did not match:
         - @ConditionalOnClass did not find required class 'jakarta.mail.internet.MimeMessage' (OnClassCondition)

   MailSenderValidatorAutoConfiguration:
      Did not match:
         - @ConditionalOnSingleCandidate did not find required type 'org.springframework.mail.javamail.JavaMailSenderImpl' (OnBeanCondition)

   MessageSourceAutoConfiguration:
      Did not match:
         - ResourceBundle did not find bundle with basename messages (MessageSourceAutoConfiguration.ResourceBundleCondition)

   MockMvcAutoConfiguration#dispatcherServlet:
      Did not match:
         - @ConditionalOnMissingBean (types: org.springframework.web.servlet.DispatcherServlet; SearchStrategy: all) found beans of type 'org.springframework.web.servlet.DispatcherServlet' dispatcherServlet (OnBeanCondition)

   MockMvcAutoConfiguration#dispatcherServletPath:
      Did not match:
         - @ConditionalOnMissingBean (types: org.springframework.boot.autoconfigure.web.servlet.DispatcherServletPath; SearchStrategy: all) found beans of type 'org.springframework.boot.autoconfigure.web.servlet.DispatcherServletPath' dispatcherServletRegistration (OnBeanCondition)

   MockMvcAutoConfiguration.WebTestClientMockMvcConfiguration:
      Did not match:
         - @ConditionalOnClass did not find required class 'org.springframework.web.reactive.function.client.WebClient' (OnClassCondition)

   MockMvcSecurityConfiguration:
      Did not match:
         - @ConditionalOnClass did not find required class 'org.springframework.security.test.web.servlet.request.SecurityMockMvcRequestPostProcessors' (OnClassCondition)

   MockMvcWebClientAutoConfiguration:
      Did not match:
         - @ConditionalOnClass did not find required class 'org.htmlunit.WebClient' (OnClassCondition)

   MockMvcWebDriverAutoConfiguration:
      Did not match:
         - @ConditionalOnClass did not find required class 'org.openqa.selenium.htmlunit.HtmlUnitDriver' (OnClassCondition)

   MongoAutoConfiguration:
      Did not match:
         - @ConditionalOnClass did not find required class 'com.mongodb.client.MongoClient' (OnClassCondition)

   MongoDataAutoConfiguration:
      Did not match:
         - @ConditionalOnClass did not find required class 'com.mongodb.client.MongoClient' (OnClassCondition)

   MongoReactiveAutoConfiguration:
      Did not match:
         - @ConditionalOnClass did not find required class 'com.mongodb.reactivestreams.client.MongoClient' (OnClassCondition)

   MongoReactiveDataAutoConfiguration:
      Did not match:
         - @ConditionalOnClass did not find required class 'com.mongodb.reactivestreams.client.MongoClient' (OnClassCondition)

   MongoReactiveRepositoriesAutoConfiguration:
      Did not match:
         - @ConditionalOnClass did not find required class 'com.mongodb.reactivestreams.client.MongoClient' (OnClassCondition)

   MongoRepositoriesAutoConfiguration:
      Did not match:
         - @ConditionalOnClass did not find required class 'com.mongodb.client.MongoClient' (OnClassCondition)

   MustacheAutoConfiguration:
      Did not match:
         - @ConditionalOnClass did not find required class 'com.samskivert.mustache.Mustache' (OnClassCondition)

   Neo4jAutoConfiguration:
      Did not match:
         - @ConditionalOnClass did not find required class 'org.neo4j.driver.Driver' (OnClassCondition)

   Neo4jDataAutoConfiguration:
      Did not match:
         - @ConditionalOnClass did not find required class 'org.neo4j.driver.Driver' (OnClassCondition)

   Neo4jReactiveDataAutoConfiguration:
      Did not match:
         - @ConditionalOnClass did not find required class 'org.neo4j.driver.Driver' (OnClassCondition)

   Neo4jReactiveRepositoriesAutoConfiguration:
      Did not match:
         - @ConditionalOnClass did not find required class 'org.neo4j.driver.Driver' (OnClassCondition)

   Neo4jRepositoriesAutoConfiguration:
      Did not match:
         - @ConditionalOnClass did not find required class 'org.neo4j.driver.Driver' (OnClassCondition)

   NettyAutoConfiguration:
      Did not match:
         - @ConditionalOnClass did not find required class 'io.netty.util.NettyRuntime' (OnClassCondition)

   OAuth2AuthorizationServerAutoConfiguration:
      Did not match:
         - @ConditionalOnClass did not find required class 'org.springframework.security.oauth2.server.authorization.OAuth2Authorization' (OnClassCondition)

   OAuth2AuthorizationServerJwtAutoConfiguration:
      Did not match:
         - @ConditionalOnClass did not find required class 'org.springframework.security.oauth2.server.authorization.OAuth2Authorization' (OnClassCondition)

   OAuth2ClientAutoConfiguration:
      Did not match:
         - @ConditionalOnClass did not find required class 'org.springframework.security.config.annotation.web.configuration.EnableWebSecurity' (OnClassCondition)

   OAuth2ResourceServerAutoConfiguration:
      Did not match:
         - @ConditionalOnClass did not find required class 'org.springframework.security.oauth2.server.resource.authentication.BearerTokenAuthenticationToken' (OnClassCondition)

   ProjectInfoAutoConfiguration#buildProperties:
      Did not match:
         - @ConditionalOnResource did not find resource '${spring.info.build.location:classpath:META-INF/build-info.properties}' (OnResourceCondition)

   ProjectInfoAutoConfiguration#gitProperties:
      Did not match:
         - GitResource did not find git info at classpath:git.properties (ProjectInfoAutoConfiguration.GitResourceAvailableCondition)

   PulsarAutoConfiguration:
      Did not match:
         - @ConditionalOnClass did not find required class 'org.apache.pulsar.client.api.PulsarClient' (OnClassCondition)

   PulsarReactiveAutoConfiguration:
      Did not match:
         - @ConditionalOnClass did not find required class 'org.apache.pulsar.client.api.PulsarClient' (OnClassCondition)

   QuartzAutoConfiguration:
      Did not match:
         - @ConditionalOnClass did not find required class 'org.quartz.Scheduler' (OnClassCondition)

   R2dbcAutoConfiguration:
      Did not match:
         - @ConditionalOnClass did not find required class 'io.r2dbc.spi.ConnectionFactory' (OnClassCondition)

   R2dbcDataAutoConfiguration:
      Did not match:
         - @ConditionalOnClass did not find required class 'org.springframework.data.r2dbc.core.R2dbcEntityTemplate' (OnClassCondition)

   R2dbcInitializationConfiguration:
      Did not match:
         - @ConditionalOnClass did not find required classes 'io.r2dbc.spi.ConnectionFactory', 'org.springframework.r2dbc.connection.init.DatabasePopulator' (OnClassCondition)

   R2dbcProxyAutoConfiguration:
      Did not match:
         - @ConditionalOnClass did not find required class 'io.r2dbc.proxy.ProxyConnectionFactory' (OnClassCondition)

   R2dbcRepositoriesAutoConfiguration:
      Did not match:
         - @ConditionalOnClass did not find required class 'io.r2dbc.spi.ConnectionFactory' (OnClassCondition)

   R2dbcTransactionManagerAutoConfiguration:
      Did not match:
         - @ConditionalOnClass did not find required class 'org.springframework.r2dbc.connection.R2dbcTransactionManager' (OnClassCondition)

   RSocketGraphQlClientAutoConfiguration:
      Did not match:
         - @ConditionalOnClass did not find required class 'graphql.GraphQL' (OnClassCondition)

   RSocketMessagingAutoConfiguration:
      Did not match:
         - @ConditionalOnClass did not find required class 'io.rsocket.RSocket' (OnClassCondition)

   RSocketRequesterAutoConfiguration:
      Did not match:
         - @ConditionalOnClass did not find required class 'io.rsocket.RSocket' (OnClassCondition)

   RSocketSecurityAutoConfiguration:
      Did not match:
         - @ConditionalOnClass did not find required class 'org.springframework.security.rsocket.core.SecuritySocketAcceptorInterceptor' (OnClassCondition)

   RSocketServerAutoConfiguration:
      Did not match:
         - @ConditionalOnClass did not find required class 'io.rsocket.core.RSocketServer' (OnClassCondition)

   RSocketStrategiesAutoConfiguration:
      Did not match:
         - @ConditionalOnClass did not find required class 'io.netty.buffer.PooledByteBufAllocator' (OnClassCondition)

   RabbitAutoConfiguration:
      Did not match:
         - @ConditionalOnClass did not find required class 'com.rabbitmq.client.Channel' (OnClassCondition)

   ReactiveElasticsearchClientAutoConfiguration:
      Did not match:
         - @ConditionalOnClass did not find required class 'co.elastic.clients.transport.ElasticsearchTransport' (OnClassCondition)

   ReactiveElasticsearchRepositoriesAutoConfiguration:
      Did not match:
         - @ConditionalOnClass did not find required class 'reactor.core.publisher.Mono' (OnClassCondition)

   ReactiveMultipartAutoConfiguration:
      Did not match:
         - @ConditionalOnClass did not find required class 'org.springframework.web.reactive.config.WebFluxConfigurer' (OnClassCondition)

   ReactiveOAuth2ClientAutoConfiguration:
      Did not match:
         - @ConditionalOnClass did not find required class 'reactor.core.publisher.Flux' (OnClassCondition)

   ReactiveOAuth2ResourceServerAutoConfiguration:
      Did not match:
         - @ConditionalOnClass did not find required class 'org.springframework.security.config.annotation.web.reactive.EnableWebFluxSecurity' (OnClassCondition)

   ReactiveSecurityAutoConfiguration:
      Did not match:
         - @ConditionalOnClass did not find required class 'reactor.core.publisher.Flux' (OnClassCondition)

   ReactiveUserDetailsServiceAutoConfiguration:
      Did not match:
         - @ConditionalOnClass did not find required class 'org.springframework.security.authentication.ReactiveAuthenticationManager' (OnClassCondition)

   ReactiveWebServerFactoryAutoConfiguration:
      Did not match:
         - @ConditionalOnWebApplication did not find reactive web application classes (OnWebApplicationCondition)

   ReactorAutoConfiguration:
      Did not match:
         - @ConditionalOnClass did not find required class 'reactor.core.publisher.Hooks' (OnClassCondition)

   RedisAutoConfiguration:
      Did not match:
         - @ConditionalOnClass did not find required class 'org.springframework.data.redis.core.RedisOperations' (OnClassCondition)

   RedisCacheConfiguration:
      Did not match:
         - @ConditionalOnClass did not find required class 'org.springframework.data.redis.connection.RedisConnectionFactory' (OnClassCondition)

   RedisReactiveAutoConfiguration:
      Did not match:
         - @ConditionalOnClass did not find required class 'reactor.core.publisher.Flux' (OnClassCondition)

   RedisRepositoriesAutoConfiguration:
      Did not match:
         - @ConditionalOnClass did not find required class 'org.springframework.data.redis.repository.configuration.EnableRedisRepositories' (OnClassCondition)

   RepositoryRestMvcAutoConfiguration:
      Did not match:
         - @ConditionalOnClass did not find required class 'org.springframework.data.rest.webmvc.config.RepositoryRestMvcConfiguration' (OnClassCondition)

   Saml2RelyingPartyAutoConfiguration:
      Did not match:
         - @ConditionalOnClass did not find required class 'org.springframework.security.saml2.provider.service.registration.RelyingPartyRegistrationRepository' (OnClassCondition)

   SecurityAutoConfiguration:
      Did not match:
         - @ConditionalOnClass did not find required class 'org.springframework.security.authentication.DefaultAuthenticationEventPublisher' (OnClassCondition)

   SecurityFilterAutoConfiguration:
      Did not match:
         - @ConditionalOnClass did not find required class 'org.springframework.security.config.http.SessionCreationPolicy' (OnClassCondition)

   SendGridAutoConfiguration:
      Did not match:
         - @ConditionalOnClass did not find required class 'com.sendgrid.SendGrid' (OnClassCondition)

   ServletWebServerFactoryAutoConfiguration.ForwardedHeaderFilterConfiguration:
      Did not match:
         - @ConditionalOnProperty (server.forward-headers-strategy=framework) did not find property 'server.forward-headers-strategy' (OnPropertyCondition)

   ServletWebServerFactoryConfiguration.EmbeddedJetty:
      Did not match:
         - @ConditionalOnClass did not find required classes 'org.eclipse.jetty.server.Server', 'org.eclipse.jetty.util.Loader', 'org.eclipse.jetty.ee10.webapp.WebAppContext' (OnClassCondition)

   ServletWebServerFactoryConfiguration.EmbeddedUndertow:
      Did not match:
         - @ConditionalOnClass did not find required classes 'io.undertow.Undertow', 'org.xnio.SslClientAuthMode' (OnClassCondition)

   SessionAutoConfiguration:
      Did not match:
         - @ConditionalOnClass did not find required class 'org.springframework.session.Session' (OnClassCondition)

   SpringApplicationAdminJmxAutoConfiguration:
      Did not match:
         - @ConditionalOnProperty (spring.application.admin.enabled=true) did not find property 'enabled' (OnPropertyCondition)

   TaskExecutorConfigurations.SimpleAsyncTaskExecutorBuilderConfiguration#simpleAsyncTaskExecutorBuilderVirtualThreads:
      Did not match:
         - @ConditionalOnMissingBean (types: org.springframework.boot.task.SimpleAsyncTaskExecutorBuilder; SearchStrategy: all) found beans of type 'org.springframework.boot.task.SimpleAsyncTaskExecutorBuilder' simpleAsyncTaskExecutorBuilder (OnBeanCondition)

   TaskExecutorConfigurations.TaskExecutorConfiguration#applicationTaskExecutorVirtualThreads:
      Did not match:
         - @ConditionalOnThreading did not find VIRTUAL (OnThreadingCondition)

   TaskSchedulingAutoConfiguration#scheduledBeanLazyInitializationExcludeFilter:
      Did not match:
         - @ConditionalOnBean (names: org.springframework.context.annotation.internalScheduledAnnotationProcessor; SearchStrategy: all) did not find any beans named org.springframework.context.annotation.internalScheduledAnnotationProcessor (OnBeanCondition)

   TaskSchedulingConfigurations.SimpleAsyncTaskSchedulerBuilderConfiguration#simpleAsyncTaskSchedulerBuilderVirtualThreads:
      Did not match:
         - @ConditionalOnMissingBean (types: org.springframework.boot.task.SimpleAsyncTaskSchedulerBuilder; SearchStrategy: all) found beans of type 'org.springframework.boot.task.SimpleAsyncTaskSchedulerBuilder' simpleAsyncTaskSchedulerBuilder (OnBeanCondition)

   TaskSchedulingConfigurations.TaskSchedulerConfiguration:
      Did not match:
         - @ConditionalOnBean (names: org.springframework.context.annotation.internalScheduledAnnotationProcessor; SearchStrategy: all) did not find any beans named org.springframework.context.annotation.internalScheduledAnnotationProcessor (OnBeanCondition)

   ThymeleafAutoConfiguration:
      Did not match:
         - @ConditionalOnClass did not find required class 'org.thymeleaf.spring6.SpringTemplateEngine' (OnClassCondition)

   TransactionAutoConfiguration#transactionalOperator:
      Did not match:
         - @ConditionalOnSingleCandidate (types: org.springframework.transaction.ReactiveTransactionManager; SearchStrategy: all) did not find any beans (OnBeanCondition)

   TransactionAutoConfiguration.AspectJTransactionManagementConfiguration:
      Did not match:
         - @ConditionalOnBean (types: org.springframework.transaction.aspectj.AbstractTransactionAspect; SearchStrategy: all) did not find any beans of type org.springframework.transaction.aspectj.AbstractTransactionAspect (OnBeanCondition)

   TransactionAutoConfiguration.EnableTransactionManagementConfiguration.JdkDynamicAutoProxyConfiguration:
      Did not match:
         - @ConditionalOnProperty (spring.aop.proxy-target-class=false) did not find property 'proxy-target-class' (OnPropertyCondition)

   UserDetailsServiceAutoConfiguration:
      Did not match:
         - @ConditionalOnClass did not find required class 'org.springframework.security.authentication.AuthenticationManager' (OnClassCondition)

   ValidationAutoConfiguration:
      Did not match:
         - @ConditionalOnClass did not find required class 'jakarta.validation.executable.ExecutableValidator' (OnClassCondition)

   WebClientAutoConfiguration:
      Did not match:
         - @ConditionalOnClass did not find required class 'org.springframework.web.reactive.function.client.WebClient' (OnClassCondition)

   WebFluxAutoConfiguration:
      Did not match:
         - @ConditionalOnClass did not find required class 'org.springframework.web.reactive.config.WebFluxConfigurer' (OnClassCondition)

   WebMvcAutoConfiguration#hiddenHttpMethodFilter:
      Did not match:
         - @ConditionalOnProperty (spring.mvc.hiddenmethod.filter.enabled) did not find property 'enabled' (OnPropertyCondition)

   WebMvcAutoConfiguration.ProblemDetailsErrorHandlingConfiguration:
      Did not match:
         - @ConditionalOnProperty (spring.mvc.problemdetails.enabled=true) did not find property 'enabled' (OnPropertyCondition)

   WebMvcAutoConfiguration.ResourceChainCustomizerConfiguration:
      Did not match:
         - @ConditionalOnEnabledResourceChain did not find class org.webjars.WebJarVersionLocator (OnEnabledResourceChainCondition)

   WebMvcAutoConfiguration.WebMvcAutoConfigurationAdapter#beanNameViewResolver:
      Did not match:
         - @ConditionalOnMissingBean (types: org.springframework.web.servlet.view.BeanNameViewResolver; SearchStrategy: all) found beans of type 'org.springframework.web.servlet.view.BeanNameViewResolver' beanNameViewResolver (OnBeanCondition)

   WebServiceTemplateAutoConfiguration:
      Did not match:
         - @ConditionalOnClass did not find required class 'org.springframework.oxm.Marshaller' (OnClassCondition)

   WebServicesAutoConfiguration:
      Did not match:
         - @ConditionalOnClass did not find required class 'org.springframework.ws.transport.http.MessageDispatcherServlet' (OnClassCondition)

   WebSessionIdResolverAutoConfiguration:
      Did not match:
         - @ConditionalOnClass did not find required class 'reactor.core.publisher.Mono' (OnClassCondition)

   WebSocketMessagingAutoConfiguration:
      Did not match:
         - @ConditionalOnClass did not find required class 'org.springframework.web.socket.config.annotation.WebSocketMessageBrokerConfigurer' (OnClassCondition)

   WebSocketReactiveAutoConfiguration:
      Did not match:
         - @ConditionalOnWebApplication did not find reactive web application classes (OnWebApplicationCondition)

   WebSocketServletAutoConfiguration.JettyWebSocketConfiguration:
      Did not match:
         - @ConditionalOnClass did not find required class 'org.eclipse.jetty.ee10.websocket.jakarta.server.config.JakartaWebSocketServletContainerInitializer' (OnClassCondition)

   WebSocketServletAutoConfiguration.UndertowWebSocketConfiguration:
      Did not match:
         - @ConditionalOnClass did not find required class 'io.undertow.websockets.jsr.Bootstrap' (OnClassCondition)

   WebTestClientAutoConfiguration:
      Did not match:
         - @ConditionalOnClass did not find required class 'org.springframework.web.reactive.function.client.WebClient' (OnClassCondition)

   XADataSourceAutoConfiguration:
      Did not match:
         - @ConditionalOnBean (types: org.springframework.boot.jdbc.XADataSourceWrapper; SearchStrategy: all) did not find any beans of type org.springframework.boot.jdbc.XADataSourceWrapper (OnBeanCondition)
      Matched:
         - @ConditionalOnClass found required classes 'javax.sql.DataSource', 'jakarta.transaction.TransactionManager', 'org.springframework.jdbc.datasource.embedded.EmbeddedDatabaseType' (OnClassCondition)


Exclusions:
-----------

    None


Unconditional classes:
----------------------

    org.springframework.boot.autoconfigure.context.ConfigurationPropertiesAutoConfiguration

    org.springframework.boot.autoconfigure.ssl.SslAutoConfiguration

    org.springframework.boot.autoconfigure.context.LifecycleAutoConfiguration

    org.springframework.boot.autoconfigure.context.PropertyPlaceholderAutoConfiguration

    org.springframework.boot.autoconfigure.availability.ApplicationAvailabilityAutoConfiguration

    org.springframework.boot.autoconfigure.info.ProjectInfoAutoConfiguration



2026-10-07T08:26:09.791+07:00  INFO 30088 --- [           main] com.example.orchid.OrchidApiTest         : Started OrchidApiTest in 4.516 seconds (process running for 5.225)
2026-10-07T08:26:09.793+07:00 DEBUG 30088 --- [           main] o.s.b.a.ApplicationAvailabilityBean      : Application availability state LivenessState changed to CORRECT
2026-10-07T08:26:09.793+07:00 DEBUG 30088 --- [           main] o.s.b.a.ApplicationAvailabilityBean      : Application availability state ReadinessState changed to ACCEPTING_TRAFFIC
mvn : Mockito is currently self-attaching to enable the inline-mock-maker. This will no longer work in future releases 
of the JDK. Please add Mockito as an agent to your build what is described in Mockito's documentation: 
https://javadoc.io/doc/org.mockito/mockito-core/latest/org/mockito/Mockito.html#0.3
At line:2 char:238
+ ... le JAR.' }; mvn clean package *> 'evidence/console/final-build.log';  ...
+                 ~~~~~~~~~~~~~~~~~~~~~~~~~~~~~~~~~~~~~~~~~~~~~~~~~~~~~~~
    + CategoryInfo          : NotSpecified: (Mockito is curr...ockito.html#0.3:String) [], RemoteException
    + FullyQualifiedErrorId : NativeCommandError
 
Java HotSpot(TM) 64-Bit Server VM warning: Sharing is only supported for boot loader classes because bootstrap 
classpath has been appended
WARNING: A Java agent has been loaded dynamically 
(C:\Users\ADMIN\.m2\repository\net\bytebuddy\byte-buddy-agent\1.15.11\byte-buddy-agent-1.15.11.jar)
WARNING: If a serviceability tool is in use, please run with -XX:+EnableDynamicAgentLoading to hide this warning
WARNING: If a serviceability tool is not in use, please run with -Djdk.instrument.traceUsage for more information
WARNING: Dynamic loading of agents will be disallowed by default in a future release
2026-10-07T08:26:10.351+07:00 DEBUG 30088 --- [           main] org.hibernate.SQL                        : 
    select
        o1_0.orchid_id,
        o1_0.is_attractive,
        o1_0.is_natural,
        o1_0.category_id,
        o1_0.orchid_description,
        o1_0.orchid_name,
        o1_0.orchid_url 
    from
        orchids o1_0
Hibernate: 
    select
        o1_0.orchid_id,
        o1_0.is_attractive,
        o1_0.is_natural,
        o1_0.category_id,
        o1_0.orchid_description,
        o1_0.orchid_name,
        o1_0.orchid_url 
    from
        orchids o1_0
2026-10-07T08:26:10.391+07:00 DEBUG 30088 --- [           main] org.hibernate.SQL                        : 
    select
        oc1_0.category_id,
        oc1_0.category_name 
    from
        orchid_categories oc1_0
Hibernate: 
    select
        oc1_0.category_id,
        oc1_0.category_name 
    from
        orchid_categories oc1_0
2026-10-07T08:26:10.428+07:00 DEBUG 30088 --- [           main] org.hibernate.SQL                        : 
    insert 
    into
        orchid_categories
        (category_name, category_id) 
    values
        (?, default)
Hibernate: 
    insert 
    into
        orchid_categories
        (category_name, category_id) 
    values
        (?, default)
2026-10-07T08:26:10.468+07:00 DEBUG 30088 --- [           main] org.hibernate.SQL                        : 
    insert 
    into
        orchid_categories
        (category_name, category_id) 
    values
        (?, default)
Hibernate: 
    insert 
    into
        orchid_categories
        (category_name, category_id) 
    values
        (?, default)
2026-10-07T08:26:10.545+07:00 DEBUG 30088 --- [           main] s.w.s.m.m.a.RequestMappingHandlerMapping : Mapped to com.example.orchid.controllers.OrchidController#update(Long, Orchid)
2026-10-07T08:26:10.596+07:00 DEBUG 30088 --- [           main] m.m.a.RequestResponseBodyMethodProcessor : Read "application/json;charset=UTF-8" to [com.example.orchid.pojos.Orchid@3e7c66b3]
2026-10-07T08:26:10.610+07:00 DEBUG 30088 --- [           main] org.hibernate.SQL                        : 
    select
        o1_0.orchid_id,
        o1_0.is_attractive,
        o1_0.is_natural,
        o1_0.category_id,
        oc1_0.category_id,
        oc1_0.category_name,
        o1_0.orchid_description,
        o1_0.orchid_name,
        o1_0.orchid_url 
    from
        orchids o1_0 
    join
        orchid_categories oc1_0 
            on oc1_0.category_id=o1_0.category_id 
    where
        o1_0.orchid_id=?
Hibernate: 
    select
        o1_0.orchid_id,
        o1_0.is_attractive,
        o1_0.is_natural,
        o1_0.category_id,
        oc1_0.category_id,
        oc1_0.category_name,
        o1_0.orchid_description,
        o1_0.orchid_name,
        o1_0.orchid_url 
    from
        orchids o1_0 
    join
        orchid_categories oc1_0 
            on oc1_0.category_id=o1_0.category_id 
    where
        o1_0.orchid_id=?
2026-10-07T08:26:10.622+07:00 DEBUG 30088 --- [           main] o.s.w.s.m.m.a.HttpEntityMethodProcessor  : Using 'application/octet-stream', given [*/*] and supported [*/*]
2026-10-07T08:26:11.032+07:00 DEBUG 30088 --- [           main] org.hibernate.SQL                        : 
    select
        count(*) 
    from
        orchids o1_0
Hibernate: 
    select
        count(*) 
    from
        orchids o1_0
2026-10-07T08:26:11.113+07:00 DEBUG 30088 --- [           main] org.hibernate.SQL                        : 
    select
        o1_0.orchid_id,
        o1_0.is_attractive,
        o1_0.is_natural,
        o1_0.category_id,
        o1_0.orchid_description,
        o1_0.orchid_name,
        o1_0.orchid_url 
    from
        orchids o1_0
Hibernate: 
    select
        o1_0.orchid_id,
        o1_0.is_attractive,
        o1_0.is_natural,
        o1_0.category_id,
        o1_0.orchid_description,
        o1_0.orchid_name,
        o1_0.orchid_url 
    from
        orchids o1_0
2026-10-07T08:26:11.113+07:00 DEBUG 30088 --- [           main] org.hibernate.SQL                        : 
    select
        oc1_0.category_id,
        oc1_0.category_name 
    from
        orchid_categories oc1_0
Hibernate: 
    select
        oc1_0.category_id,
        oc1_0.category_name 
    from
        orchid_categories oc1_0
2026-10-07T08:26:11.125+07:00 DEBUG 30088 --- [           main] org.hibernate.SQL                        : 
    delete 
    from
        orchid_categories 
    where
        category_id=?
Hibernate: 
    delete 
    from
        orchid_categories 
    where
        category_id=?
2026-10-07T08:26:11.133+07:00 DEBUG 30088 --- [           main] org.hibernate.SQL                        : 
    delete 
    from
        orchid_categories 
    where
        category_id=?
Hibernate: 
    delete 
    from
        orchid_categories 
    where
        category_id=?
2026-10-07T08:26:11.134+07:00 DEBUG 30088 --- [           main] org.hibernate.SQL                        : 
    insert 
    into
        orchid_categories
        (category_name, category_id) 
    values
        (?, default)
Hibernate: 
    insert 
    into
        orchid_categories
        (category_name, category_id) 
    values
        (?, default)
2026-10-07T08:26:11.136+07:00 DEBUG 30088 --- [           main] org.hibernate.SQL                        : 
    insert 
    into
        orchid_categories
        (category_name, category_id) 
    values
        (?, default)
Hibernate: 
    insert 
    into
        orchid_categories
        (category_name, category_id) 
    values
        (?, default)
2026-10-07T08:26:11.138+07:00 DEBUG 30088 --- [           main] s.w.s.m.m.a.RequestMappingHandlerMapping : Mapped to com.example.orchid.controllers.OrchidController#create(Orchid)
2026-10-07T08:26:11.138+07:00 DEBUG 30088 --- [           main] m.m.a.RequestResponseBodyMethodProcessor : Read "application/json;charset=UTF-8" to [com.example.orchid.pojos.Orchid@6b0bcea5]
2026-10-07T08:26:11.140+07:00 DEBUG 30088 --- [           main] org.hibernate.SQL                        : 
    select
        oc1_0.category_id,
        oc1_0.category_name 
    from
        orchid_categories oc1_0 
    where
        oc1_0.category_id=?
Hibernate: 
    select
        oc1_0.category_id,
        oc1_0.category_name 
    from
        orchid_categories oc1_0 
    where
        oc1_0.category_id=?
2026-10-07T08:26:11.141+07:00 DEBUG 30088 --- [           main] org.hibernate.SQL                        : 
    insert 
    into
        orchids
        (is_attractive, is_natural, category_id, orchid_description, orchid_name, orchid_url, orchid_id) 
    values
        (?, ?, ?, ?, ?, ?, default)
Hibernate: 
    insert 
    into
        orchids
        (is_attractive, is_natural, category_id, orchid_description, orchid_name, orchid_url, orchid_id) 
    values
        (?, ?, ?, ?, ?, ?, default)
2026-10-07T08:26:11.144+07:00 DEBUG 30088 --- [           main] o.s.w.s.m.m.a.HttpEntityMethodProcessor  : Using 'application/json', given [*/*] and supported [application/json, application/*+json]
2026-10-07T08:26:11.147+07:00 DEBUG 30088 --- [           main] o.s.w.s.m.m.a.HttpEntityMethodProcessor  : Writing [com.example.orchid.pojos.Orchid@6b0bcea5]
2026-10-07T08:26:11.164+07:00 DEBUG 30088 --- [           main] s.w.s.m.m.a.RequestMappingHandlerMapping : Mapped to com.example.orchid.controllers.OrchidController#update(Long, Orchid)
2026-10-07T08:26:11.164+07:00 DEBUG 30088 --- [           main] m.m.a.RequestResponseBodyMethodProcessor : Read "application/json;charset=UTF-8" to [com.example.orchid.pojos.Orchid@7262532a]
2026-10-07T08:26:11.164+07:00 DEBUG 30088 --- [           main] org.hibernate.SQL                        : 
    select
        o1_0.orchid_id,
        o1_0.is_attractive,
        o1_0.is_natural,
        o1_0.category_id,
        oc1_0.category_id,
        oc1_0.category_name,
        o1_0.orchid_description,
        o1_0.orchid_name,
        o1_0.orchid_url 
    from
        orchids o1_0 
    join
        orchid_categories oc1_0 
            on oc1_0.category_id=o1_0.category_id 
    where
        o1_0.orchid_id=?
Hibernate: 
    select
        o1_0.orchid_id,
        o1_0.is_attractive,
        o1_0.is_natural,
        o1_0.category_id,
        oc1_0.category_id,
        oc1_0.category_name,
        o1_0.orchid_description,
        o1_0.orchid_name,
        o1_0.orchid_url 
    from
        orchids o1_0 
    join
        orchid_categories oc1_0 
            on oc1_0.category_id=o1_0.category_id 
    where
        o1_0.orchid_id=?
2026-10-07T08:26:11.164+07:00 DEBUG 30088 --- [           main] org.hibernate.SQL                        : 
    select
        oc1_0.category_id,
        oc1_0.category_name 
    from
        orchid_categories oc1_0 
    where
        oc1_0.category_id=?
Hibernate: 
    select
        oc1_0.category_id,
        oc1_0.category_name 
    from
        orchid_categories oc1_0 
    where
        oc1_0.category_id=?
2026-10-07T08:26:11.164+07:00 DEBUG 30088 --- [           main] o.s.w.s.m.m.a.HttpEntityMethodProcessor  : Using 'text/plain', given [*/*] and supported [text/plain, */*, application/json, application/*+json]
2026-10-07T08:26:11.164+07:00 DEBUG 30088 --- [           main] o.s.w.s.m.m.a.HttpEntityMethodProcessor  : Writing ["Category not found: 999999999"]
2026-10-07T08:26:11.164+07:00 DEBUG 30088 --- [           main] s.w.s.m.m.a.RequestMappingHandlerMapping : Mapped to com.example.orchid.controllers.OrchidController#getById(Long)
2026-10-07T08:26:11.173+07:00 DEBUG 30088 --- [           main] org.hibernate.SQL                        : 
    select
        o1_0.orchid_id,
        o1_0.is_attractive,
        o1_0.is_natural,
        o1_0.category_id,
        oc1_0.category_id,
        oc1_0.category_name,
        o1_0.orchid_description,
        o1_0.orchid_name,
        o1_0.orchid_url 
    from
        orchids o1_0 
    join
        orchid_categories oc1_0 
            on oc1_0.category_id=o1_0.category_id 
    where
        o1_0.orchid_id=?
Hibernate: 
    select
        o1_0.orchid_id,
        o1_0.is_attractive,
        o1_0.is_natural,
        o1_0.category_id,
        oc1_0.category_id,
        oc1_0.category_name,
        o1_0.orchid_description,
        o1_0.orchid_name,
        o1_0.orchid_url 
    from
        orchids o1_0 
    join
        orchid_categories oc1_0 
            on oc1_0.category_id=o1_0.category_id 
    where
        o1_0.orchid_id=?
2026-10-07T08:26:11.175+07:00 DEBUG 30088 --- [           main] o.s.w.s.m.m.a.HttpEntityMethodProcessor  : Using 'application/json', given [*/*] and supported [application/json, application/*+json]
2026-10-07T08:26:11.175+07:00 DEBUG 30088 --- [           main] o.s.w.s.m.m.a.HttpEntityMethodProcessor  : Writing [com.example.orchid.pojos.Orchid@5b6a9ef6]
2026-10-07T08:26:11.216+07:00 DEBUG 30088 --- [           main] org.hibernate.SQL                        : 
    select
        o1_0.orchid_id,
        o1_0.is_attractive,
        o1_0.is_natural,
        o1_0.category_id,
        o1_0.orchid_description,
        o1_0.orchid_name,
        o1_0.orchid_url 
    from
        orchids o1_0
Hibernate: 
    select
        o1_0.orchid_id,
        o1_0.is_attractive,
        o1_0.is_natural,
        o1_0.category_id,
        o1_0.orchid_description,
        o1_0.orchid_name,
        o1_0.orchid_url 
    from
        orchids o1_0
2026-10-07T08:26:11.221+07:00 DEBUG 30088 --- [           main] org.hibernate.SQL                        : 
    select
        oc1_0.category_id,
        oc1_0.category_name 
    from
        orchid_categories oc1_0 
    where
        oc1_0.category_id=?
Hibernate: 
    select
        oc1_0.category_id,
        oc1_0.category_name 
    from
        orchid_categories oc1_0 
    where
        oc1_0.category_id=?
2026-10-07T08:26:11.223+07:00 DEBUG 30088 --- [           main] org.hibernate.SQL                        : 
    delete 
    from
        orchids 
    where
        orchid_id=?
Hibernate: 
    delete 
    from
        orchids 
    where
        orchid_id=?
2026-10-07T08:26:11.226+07:00 DEBUG 30088 --- [           main] org.hibernate.SQL                        : 
    select
        oc1_0.category_id,
        oc1_0.category_name 
    from
        orchid_categories oc1_0
Hibernate: 
    select
        oc1_0.category_id,
        oc1_0.category_name 
    from
        orchid_categories oc1_0
2026-10-07T08:26:11.226+07:00 DEBUG 30088 --- [           main] org.hibernate.SQL                        : 
    delete 
    from
        orchid_categories 
    where
        category_id=?
Hibernate: 
    delete 
    from
        orchid_categories 
    where
        category_id=?
2026-10-07T08:26:11.228+07:00 DEBUG 30088 --- [           main] org.hibernate.SQL                        : 
    delete 
    from
        orchid_categories 
    where
        category_id=?
Hibernate: 
    delete 
    from
        orchid_categories 
    where
        category_id=?
2026-10-07T08:26:11.228+07:00 DEBUG 30088 --- [           main] org.hibernate.SQL                        : 
    insert 
    into
        orchid_categories
        (category_name, category_id) 
    values
        (?, default)
Hibernate: 
    insert 
    into
        orchid_categories
        (category_name, category_id) 
    values
        (?, default)
2026-10-07T08:26:11.230+07:00 DEBUG 30088 --- [           main] org.hibernate.SQL                        : 
    insert 
    into
        orchid_categories
        (category_name, category_id) 
    values
        (?, default)
Hibernate: 
    insert 
    into
        orchid_categories
        (category_name, category_id) 
    values
        (?, default)
2026-10-07T08:26:11.232+07:00 DEBUG 30088 --- [           main] s.w.s.m.m.a.RequestMappingHandlerMapping : Mapped to com.example.orchid.controllers.OrchidController#create(Orchid)
2026-10-07T08:26:11.232+07:00 DEBUG 30088 --- [           main] m.m.a.RequestResponseBodyMethodProcessor : Read "application/json;charset=UTF-8" to [com.example.orchid.pojos.Orchid@69f35d31]
2026-10-07T08:26:11.232+07:00 DEBUG 30088 --- [           main] o.s.w.s.m.m.a.HttpEntityMethodProcessor  : Using 'text/plain', given [*/*] and supported [text/plain, */*, application/json, application/*+json]
2026-10-07T08:26:11.232+07:00 DEBUG 30088 --- [           main] o.s.w.s.m.m.a.HttpEntityMethodProcessor  : Writing ["orchidName is required"]
2026-10-07T08:26:11.235+07:00 DEBUG 30088 --- [           main] s.w.s.m.m.a.RequestMappingHandlerMapping : Mapped to com.example.orchid.controllers.OrchidController#create(Orchid)
2026-10-07T08:26:11.235+07:00 DEBUG 30088 --- [           main] m.m.a.RequestResponseBodyMethodProcessor : Read "application/json;charset=UTF-8" to [com.example.orchid.pojos.Orchid@68c1d547]
2026-10-07T08:26:11.236+07:00 DEBUG 30088 --- [           main] o.s.w.s.m.m.a.HttpEntityMethodProcessor  : Using 'text/plain', given [*/*] and supported [text/plain, */*, application/json, application/*+json]
2026-10-07T08:26:11.236+07:00 DEBUG 30088 --- [           main] o.s.w.s.m.m.a.HttpEntityMethodProcessor  : Writing ["orchidName is required"]
2026-10-07T08:26:11.237+07:00 DEBUG 30088 --- [           main] s.w.s.m.m.a.RequestMappingHandlerMapping : Mapped to com.example.orchid.controllers.OrchidController#create(Orchid)
2026-10-07T08:26:11.237+07:00 DEBUG 30088 --- [           main] m.m.a.RequestResponseBodyMethodProcessor : Read "application/json;charset=UTF-8" to [com.example.orchid.pojos.Orchid@34788780]
2026-10-07T08:26:11.239+07:00 DEBUG 30088 --- [           main] o.s.w.s.m.m.a.HttpEntityMethodProcessor  : Using 'text/plain', given [*/*] and supported [text/plain, */*, application/json, application/*+json]
2026-10-07T08:26:11.239+07:00 DEBUG 30088 --- [           main] o.s.w.s.m.m.a.HttpEntityMethodProcessor  : Writing ["orchidName must not exceed 150 characters"]
2026-10-07T08:26:11.239+07:00 DEBUG 30088 --- [           main] s.w.s.m.m.a.RequestMappingHandlerMapping : Mapped to com.example.orchid.controllers.OrchidController#create(Orchid)
2026-10-07T08:26:11.239+07:00 DEBUG 30088 --- [           main] m.m.a.RequestResponseBodyMethodProcessor : Read "application/json;charset=UTF-8" to [com.example.orchid.pojos.Orchid@15d25244]
2026-10-07T08:26:11.239+07:00 DEBUG 30088 --- [           main] o.s.w.s.m.m.a.HttpEntityMethodProcessor  : Using 'text/plain', given [*/*] and supported [text/plain, */*, application/json, application/*+json]
2026-10-07T08:26:11.239+07:00 DEBUG 30088 --- [           main] o.s.w.s.m.m.a.HttpEntityMethodProcessor  : Writing ["orchidDescription must not exceed 1000 characters"]
2026-10-07T08:26:11.239+07:00 DEBUG 30088 --- [           main] org.hibernate.SQL                        : 
    select
        count(*) 
    from
        orchids o1_0
Hibernate: 
    select
        count(*) 
    from
        orchids o1_0
2026-10-07T08:26:11.251+07:00 DEBUG 30088 --- [           main] org.hibernate.SQL                        : 
    select
        o1_0.orchid_id,
        o1_0.is_attractive,
        o1_0.is_natural,
        o1_0.category_id,
        o1_0.orchid_description,
        o1_0.orchid_name,
        o1_0.orchid_url 
    from
        orchids o1_0
Hibernate: 
    select
        o1_0.orchid_id,
        o1_0.is_attractive,
        o1_0.is_natural,
        o1_0.category_id,
        o1_0.orchid_description,
        o1_0.orchid_name,
        o1_0.orchid_url 
    from
        orchids o1_0
2026-10-07T08:26:11.252+07:00 DEBUG 30088 --- [           main] org.hibernate.SQL                        : 
    select
        oc1_0.category_id,
        oc1_0.category_name 
    from
        orchid_categories oc1_0
Hibernate: 
    select
        oc1_0.category_id,
        oc1_0.category_name 
    from
        orchid_categories oc1_0
2026-10-07T08:26:11.256+07:00 DEBUG 30088 --- [           main] org.hibernate.SQL                        : 
    delete 
    from
        orchid_categories 
    where
        category_id=?
Hibernate: 
    delete 
    from
        orchid_categories 
    where
        category_id=?
2026-10-07T08:26:11.256+07:00 DEBUG 30088 --- [           main] org.hibernate.SQL                        : 
    delete 
    from
        orchid_categories 
    where
        category_id=?
Hibernate: 
    delete 
    from
        orchid_categories 
    where
        category_id=?
2026-10-07T08:26:11.256+07:00 DEBUG 30088 --- [           main] org.hibernate.SQL                        : 
    insert 
    into
        orchid_categories
        (category_name, category_id) 
    values
        (?, default)
Hibernate: 
    insert 
    into
        orchid_categories
        (category_name, category_id) 
    values
        (?, default)
2026-10-07T08:26:11.256+07:00 DEBUG 30088 --- [           main] org.hibernate.SQL                        : 
    insert 
    into
        orchid_categories
        (category_name, category_id) 
    values
        (?, default)
Hibernate: 
    insert 
    into
        orchid_categories
        (category_name, category_id) 
    values
        (?, default)
2026-10-07T08:26:11.256+07:00 DEBUG 30088 --- [           main] s.w.s.m.m.a.RequestMappingHandlerMapping : Mapped to com.example.orchid.controllers.OrchidController#create(Orchid)
2026-10-07T08:26:11.256+07:00 DEBUG 30088 --- [           main] m.m.a.RequestResponseBodyMethodProcessor : Read "application/json;charset=UTF-8" to [com.example.orchid.pojos.Orchid@654322b0]
2026-10-07T08:26:11.256+07:00 DEBUG 30088 --- [           main] org.hibernate.SQL                        : 
    select
        oc1_0.category_id,
        oc1_0.category_name 
    from
        orchid_categories oc1_0 
    where
        oc1_0.category_id=?
Hibernate: 
    select
        oc1_0.category_id,
        oc1_0.category_name 
    from
        orchid_categories oc1_0 
    where
        oc1_0.category_id=?
2026-10-07T08:26:11.256+07:00 DEBUG 30088 --- [           main] o.s.w.s.m.m.a.HttpEntityMethodProcessor  : Using 'text/plain', given [*/*] and supported [text/plain, */*, application/json, application/*+json]
2026-10-07T08:26:11.256+07:00 DEBUG 30088 --- [           main] o.s.w.s.m.m.a.HttpEntityMethodProcessor  : Writing ["Category not found: 999999999"]
2026-10-07T08:26:11.275+07:00 DEBUG 30088 --- [           main] s.w.s.m.m.a.RequestMappingHandlerMapping : Mapped to com.example.orchid.controllers.OrchidController#create(Orchid)
2026-10-07T08:26:11.276+07:00 DEBUG 30088 --- [           main] m.m.a.RequestResponseBodyMethodProcessor : Read "application/json;charset=UTF-8" to [com.example.orchid.pojos.Orchid@63793f16]
2026-10-07T08:26:11.276+07:00 DEBUG 30088 --- [           main] o.s.w.s.m.m.a.HttpEntityMethodProcessor  : Using 'text/plain', given [*/*] and supported [text/plain, */*, application/json, application/*+json]
2026-10-07T08:26:11.276+07:00 DEBUG 30088 --- [           main] o.s.w.s.m.m.a.HttpEntityMethodProcessor  : Writing ["categoryId is required"]
2026-10-07T08:26:11.276+07:00 DEBUG 30088 --- [           main] s.w.s.m.m.a.RequestMappingHandlerMapping : Mapped to com.example.orchid.controllers.OrchidController#create(Orchid)
2026-10-07T08:26:11.276+07:00 DEBUG 30088 --- [           main] m.m.a.RequestResponseBodyMethodProcessor : Read "application/json;charset=UTF-8" to [com.example.orchid.pojos.Orchid@6725f9e0]
2026-10-07T08:26:11.281+07:00 DEBUG 30088 --- [           main] o.s.w.s.m.m.a.HttpEntityMethodProcessor  : Using 'text/plain', given [*/*] and supported [text/plain, */*, application/json, application/*+json]
2026-10-07T08:26:11.281+07:00 DEBUG 30088 --- [           main] o.s.w.s.m.m.a.HttpEntityMethodProcessor  : Writing ["categoryId is required"]
2026-10-07T08:26:11.281+07:00 DEBUG 30088 --- [           main] org.hibernate.SQL                        : 
    select
        count(*) 
    from
        orchids o1_0
Hibernate: 
    select
        count(*) 
    from
        orchids o1_0
2026-10-07T08:26:11.285+07:00 DEBUG 30088 --- [           main] org.hibernate.SQL                        : 
    select
        count(*) 
    from
        orchid_categories oc1_0
Hibernate: 
    select
        count(*) 
    from
        orchid_categories oc1_0
2026-10-07T08:26:11.288+07:00 DEBUG 30088 --- [           main] org.hibernate.SQL                        : 
    select
        o1_0.orchid_id,
        o1_0.is_attractive,
        o1_0.is_natural,
        o1_0.category_id,
        o1_0.orchid_description,
        o1_0.orchid_name,
        o1_0.orchid_url 
    from
        orchids o1_0
Hibernate: 
    select
        o1_0.orchid_id,
        o1_0.is_attractive,
        o1_0.is_natural,
        o1_0.category_id,
        o1_0.orchid_description,
        o1_0.orchid_name,
        o1_0.orchid_url 
    from
        orchids o1_0
2026-10-07T08:26:11.288+07:00 DEBUG 30088 --- [           main] org.hibernate.SQL                        : 
    select
        oc1_0.category_id,
        oc1_0.category_name 
    from
        orchid_categories oc1_0
Hibernate: 
    select
        oc1_0.category_id,
        oc1_0.category_name 
    from
        orchid_categories oc1_0
2026-10-07T08:26:11.296+07:00 DEBUG 30088 --- [           main] org.hibernate.SQL                        : 
    delete 
    from
        orchid_categories 
    where
        category_id=?
Hibernate: 
    delete 
    from
        orchid_categories 
    where
        category_id=?
2026-10-07T08:26:11.297+07:00 DEBUG 30088 --- [           main] org.hibernate.SQL                        : 
    delete 
    from
        orchid_categories 
    where
        category_id=?
Hibernate: 
    delete 
    from
        orchid_categories 
    where
        category_id=?
2026-10-07T08:26:11.297+07:00 DEBUG 30088 --- [           main] org.hibernate.SQL                        : 
    insert 
    into
        orchid_categories
        (category_name, category_id) 
    values
        (?, default)
Hibernate: 
    insert 
    into
        orchid_categories
        (category_name, category_id) 
    values
        (?, default)
2026-10-07T08:26:11.300+07:00 DEBUG 30088 --- [           main] org.hibernate.SQL                        : 
    insert 
    into
        orchid_categories
        (category_name, category_id) 
    values
        (?, default)
Hibernate: 
    insert 
    into
        orchid_categories
        (category_name, category_id) 
    values
        (?, default)
2026-10-07T08:26:11.300+07:00 DEBUG 30088 --- [           main] s.w.s.m.m.a.RequestMappingHandlerMapping : Mapped to com.example.orchid.controllers.OrchidController#getById(Long)
2026-10-07T08:26:11.300+07:00 DEBUG 30088 --- [           main] org.hibernate.SQL                        : 
    select
        o1_0.orchid_id,
        o1_0.is_attractive,
        o1_0.is_natural,
        o1_0.category_id,
        oc1_0.category_id,
        oc1_0.category_name,
        o1_0.orchid_description,
        o1_0.orchid_name,
        o1_0.orchid_url 
    from
        orchids o1_0 
    join
        orchid_categories oc1_0 
            on oc1_0.category_id=o1_0.category_id 
    where
        o1_0.orchid_id=?
Hibernate: 
    select
        o1_0.orchid_id,
        o1_0.is_attractive,
        o1_0.is_natural,
        o1_0.category_id,
        oc1_0.category_id,
        oc1_0.category_name,
        o1_0.orchid_description,
        o1_0.orchid_name,
        o1_0.orchid_url 
    from
        orchids o1_0 
    join
        orchid_categories oc1_0 
            on oc1_0.category_id=o1_0.category_id 
    where
        o1_0.orchid_id=?
2026-10-07T08:26:11.300+07:00 DEBUG 30088 --- [           main] o.s.w.s.m.m.a.HttpEntityMethodProcessor  : Using 'application/json', given [*/*] and supported [application/json, application/*+json]
2026-10-07T08:26:11.300+07:00 DEBUG 30088 --- [           main] o.s.w.s.m.m.a.HttpEntityMethodProcessor  : Nothing to write: null body
2026-10-07T08:26:11.307+07:00 DEBUG 30088 --- [           main] org.hibernate.SQL                        : 
    select
        o1_0.orchid_id,
        o1_0.is_attractive,
        o1_0.is_natural,
        o1_0.category_id,
        o1_0.orchid_description,
        o1_0.orchid_name,
        o1_0.orchid_url 
    from
        orchids o1_0
Hibernate: 
    select
        o1_0.orchid_id,
        o1_0.is_attractive,
        o1_0.is_natural,
        o1_0.category_id,
        o1_0.orchid_description,
        o1_0.orchid_name,
        o1_0.orchid_url 
    from
        orchids o1_0
2026-10-07T08:26:11.307+07:00 DEBUG 30088 --- [           main] org.hibernate.SQL                        : 
    select
        oc1_0.category_id,
        oc1_0.category_name 
    from
        orchid_categories oc1_0
Hibernate: 
    select
        oc1_0.category_id,
        oc1_0.category_name 
    from
        orchid_categories oc1_0
2026-10-07T08:26:11.307+07:00 DEBUG 30088 --- [           main] org.hibernate.SQL                        : 
    delete 
    from
        orchid_categories 
    where
        category_id=?
Hibernate: 
    delete 
    from
        orchid_categories 
    where
        category_id=?
2026-10-07T08:26:11.315+07:00 DEBUG 30088 --- [           main] org.hibernate.SQL                        : 
    delete 
    from
        orchid_categories 
    where
        category_id=?
Hibernate: 
    delete 
    from
        orchid_categories 
    where
        category_id=?
2026-10-07T08:26:11.316+07:00 DEBUG 30088 --- [           main] org.hibernate.SQL                        : 
    insert 
    into
        orchid_categories
        (category_name, category_id) 
    values
        (?, default)
Hibernate: 
    insert 
    into
        orchid_categories
        (category_name, category_id) 
    values
        (?, default)
2026-10-07T08:26:11.317+07:00 DEBUG 30088 --- [           main] org.hibernate.SQL                        : 
    insert 
    into
        orchid_categories
        (category_name, category_id) 
    values
        (?, default)
Hibernate: 
    insert 
    into
        orchid_categories
        (category_name, category_id) 
    values
        (?, default)
2026-10-07T08:26:11.317+07:00 DEBUG 30088 --- [           main] s.w.s.m.m.a.RequestMappingHandlerMapping : Mapped to com.example.orchid.controllers.OrchidController#create(Orchid)
2026-10-07T08:26:11.327+07:00 DEBUG 30088 --- [           main] o.s.web.method.HandlerMethod             : Could not resolve parameter [0] in public org.springframework.http.ResponseEntity<?> com.example.orchid.controllers.OrchidController.create(com.example.orchid.pojos.Orchid): JSON parse error: Unexpected end-of-input within/between Object entries
2026-10-07T08:26:11.335+07:00  WARN 30088 --- [           main] .w.s.m.s.DefaultHandlerExceptionResolver : Resolved [org.springframework.http.converter.HttpMessageNotReadableException: JSON parse error: Unexpected end-of-input within/between Object entries]
2026-10-07T08:26:11.337+07:00 DEBUG 30088 --- [           main] s.w.s.m.m.a.RequestMappingHandlerMapping : Mapped to com.example.orchid.controllers.OrchidController#create(Orchid)
2026-10-07T08:26:11.338+07:00 DEBUG 30088 --- [           main] m.m.a.RequestResponseBodyMethodProcessor : Read "application/json;charset=UTF-8" to [com.example.orchid.pojos.Orchid@4057babc]
2026-10-07T08:26:11.339+07:00 DEBUG 30088 --- [           main] org.hibernate.SQL                        : 
    select
        oc1_0.category_id,
        oc1_0.category_name 
    from
        orchid_categories oc1_0 
    where
        oc1_0.category_id=?
Hibernate: 
    select
        oc1_0.category_id,
        oc1_0.category_name 
    from
        orchid_categories oc1_0 
    where
        oc1_0.category_id=?
2026-10-07T08:26:11.340+07:00 DEBUG 30088 --- [           main] org.hibernate.SQL                        : 
    insert 
    into
        orchids
        (is_attractive, is_natural, category_id, orchid_description, orchid_name, orchid_url, orchid_id) 
    values
        (?, ?, ?, ?, ?, ?, default)
Hibernate: 
    insert 
    into
        orchids
        (is_attractive, is_natural, category_id, orchid_description, orchid_name, orchid_url, orchid_id) 
    values
        (?, ?, ?, ?, ?, ?, default)
2026-10-07T08:26:11.342+07:00 DEBUG 30088 --- [           main] o.s.w.s.m.m.a.HttpEntityMethodProcessor  : Using 'application/json', given [*/*] and supported [application/json, application/*+json]
2026-10-07T08:26:11.344+07:00 DEBUG 30088 --- [           main] o.s.w.s.m.m.a.HttpEntityMethodProcessor  : Writing [com.example.orchid.pojos.Orchid@4057babc]
2026-10-07T08:26:11.353+07:00 DEBUG 30088 --- [           main] org.hibernate.SQL                        : 
    select
        o1_0.orchid_id,
        o1_0.is_attractive,
        o1_0.is_natural,
        o1_0.category_id,
        o1_0.orchid_description,
        o1_0.orchid_name,
        o1_0.orchid_url 
    from
        orchids o1_0
Hibernate: 
    select
        o1_0.orchid_id,
        o1_0.is_attractive,
        o1_0.is_natural,
        o1_0.category_id,
        o1_0.orchid_description,
        o1_0.orchid_name,
        o1_0.orchid_url 
    from
        orchids o1_0
2026-10-07T08:26:11.355+07:00 DEBUG 30088 --- [           main] org.hibernate.SQL                        : 
    select
        oc1_0.category_id,
        oc1_0.category_name 
    from
        orchid_categories oc1_0 
    where
        oc1_0.category_id=?
Hibernate: 
    select
        oc1_0.category_id,
        oc1_0.category_name 
    from
        orchid_categories oc1_0 
    where
        oc1_0.category_id=?
2026-10-07T08:26:11.356+07:00 DEBUG 30088 --- [           main] org.hibernate.SQL                        : 
    delete 
    from
        orchids 
    where
        orchid_id=?
Hibernate: 
    delete 
    from
        orchids 
    where
        orchid_id=?
2026-10-07T08:26:11.358+07:00 DEBUG 30088 --- [           main] org.hibernate.SQL                        : 
    select
        oc1_0.category_id,
        oc1_0.category_name 
    from
        orchid_categories oc1_0
Hibernate: 
    select
        oc1_0.category_id,
        oc1_0.category_name 
    from
        orchid_categories oc1_0
2026-10-07T08:26:11.359+07:00 DEBUG 30088 --- [           main] org.hibernate.SQL                        : 
    delete 
    from
        orchid_categories 
    where
        category_id=?
Hibernate: 
    delete 
    from
        orchid_categories 
    where
        category_id=?
2026-10-07T08:26:11.359+07:00 DEBUG 30088 --- [           main] org.hibernate.SQL                        : 
    delete 
    from
        orchid_categories 
    where
        category_id=?
Hibernate: 
    delete 
    from
        orchid_categories 
    where
        category_id=?
2026-10-07T08:26:11.361+07:00 DEBUG 30088 --- [           main] org.hibernate.SQL                        : 
    insert 
    into
        orchid_categories
        (category_name, category_id) 
    values
        (?, default)
Hibernate: 
    insert 
    into
        orchid_categories
        (category_name, category_id) 
    values
        (?, default)
2026-10-07T08:26:11.363+07:00 DEBUG 30088 --- [           main] org.hibernate.SQL                        : 
    insert 
    into
        orchid_categories
        (category_name, category_id) 
    values
        (?, default)
Hibernate: 
    insert 
    into
        orchid_categories
        (category_name, category_id) 
    values
        (?, default)
2026-10-07T08:26:11.365+07:00 DEBUG 30088 --- [           main] s.w.s.m.m.a.RequestMappingHandlerMapping : Mapped to com.example.orchid.controllers.OrchidController#create(Orchid)
2026-10-07T08:26:11.367+07:00 DEBUG 30088 --- [           main] m.m.a.RequestResponseBodyMethodProcessor : Read "application/json;charset=UTF-8" to [com.example.orchid.pojos.Orchid@54950027]
2026-10-07T08:26:11.368+07:00 DEBUG 30088 --- [           main] org.hibernate.SQL                        : 
    select
        oc1_0.category_id,
        oc1_0.category_name 
    from
        orchid_categories oc1_0 
    where
        oc1_0.category_id=?
Hibernate: 
    select
        oc1_0.category_id,
        oc1_0.category_name 
    from
        orchid_categories oc1_0 
    where
        oc1_0.category_id=?
2026-10-07T08:26:11.369+07:00 DEBUG 30088 --- [           main] org.hibernate.SQL                        : 
    insert 
    into
        orchids
        (is_attractive, is_natural, category_id, orchid_description, orchid_name, orchid_url, orchid_id) 
    values
        (?, ?, ?, ?, ?, ?, default)
Hibernate: 
    insert 
    into
        orchids
        (is_attractive, is_natural, category_id, orchid_description, orchid_name, orchid_url, orchid_id) 
    values
        (?, ?, ?, ?, ?, ?, default)
2026-10-07T08:26:11.371+07:00 DEBUG 30088 --- [           main] o.s.w.s.m.m.a.HttpEntityMethodProcessor  : Using 'application/json', given [*/*] and supported [application/json, application/*+json]
2026-10-07T08:26:11.371+07:00 DEBUG 30088 --- [           main] o.s.w.s.m.m.a.HttpEntityMethodProcessor  : Writing [com.example.orchid.pojos.Orchid@54950027]
2026-10-07T08:26:11.373+07:00 DEBUG 30088 --- [           main] s.w.s.m.m.a.RequestMappingHandlerMapping : Mapped to com.example.orchid.controllers.OrchidController#update(Long, Orchid)
2026-10-07T08:26:11.373+07:00 DEBUG 30088 --- [           main] m.m.a.RequestResponseBodyMethodProcessor : Read "application/json;charset=UTF-8" to [com.example.orchid.pojos.Orchid@1e5e0e75]
2026-10-07T08:26:11.374+07:00 DEBUG 30088 --- [           main] org.hibernate.SQL                        : 
    select
        o1_0.orchid_id,
        o1_0.is_attractive,
        o1_0.is_natural,
        o1_0.category_id,
        oc1_0.category_id,
        oc1_0.category_name,
        o1_0.orchid_description,
        o1_0.orchid_name,
        o1_0.orchid_url 
    from
        orchids o1_0 
    join
        orchid_categories oc1_0 
            on oc1_0.category_id=o1_0.category_id 
    where
        o1_0.orchid_id=?
Hibernate: 
    select
        o1_0.orchid_id,
        o1_0.is_attractive,
        o1_0.is_natural,
        o1_0.category_id,
        oc1_0.category_id,
        oc1_0.category_name,
        o1_0.orchid_description,
        o1_0.orchid_name,
        o1_0.orchid_url 
    from
        orchids o1_0 
    join
        orchid_categories oc1_0 
            on oc1_0.category_id=o1_0.category_id 
    where
        o1_0.orchid_id=?
2026-10-07T08:26:11.378+07:00 DEBUG 30088 --- [           main] org.hibernate.SQL                        : 
    update
        orchids 
    set
        is_attractive=?,
        is_natural=?,
        category_id=?,
        orchid_description=?,
        orchid_name=?,
        orchid_url=? 
    where
        orchid_id=?
Hibernate: 
    update
        orchids 
    set
        is_attractive=?,
        is_natural=?,
        category_id=?,
        orchid_description=?,
        orchid_name=?,
        orchid_url=? 
    where
        orchid_id=?
2026-10-07T08:26:11.390+07:00 DEBUG 30088 --- [           main] o.s.w.s.m.m.a.HttpEntityMethodProcessor  : Using 'application/json', given [*/*] and supported [application/json, application/*+json]
2026-10-07T08:26:11.390+07:00 DEBUG 30088 --- [           main] o.s.w.s.m.m.a.HttpEntityMethodProcessor  : Writing [com.example.orchid.pojos.Orchid@25699129]
2026-10-07T08:26:11.394+07:00 DEBUG 30088 --- [           main] org.hibernate.SQL                        : 
    select
        o1_0.orchid_id,
        o1_0.is_attractive,
        o1_0.is_natural,
        o1_0.category_id,
        oc1_0.category_id,
        oc1_0.category_name,
        o1_0.orchid_description,
        o1_0.orchid_name,
        o1_0.orchid_url 
    from
        orchids o1_0 
    join
        orchid_categories oc1_0 
            on oc1_0.category_id=o1_0.category_id 
    where
        o1_0.orchid_id=?
Hibernate: 
    select
        o1_0.orchid_id,
        o1_0.is_attractive,
        o1_0.is_natural,
        o1_0.category_id,
        oc1_0.category_id,
        oc1_0.category_name,
        o1_0.orchid_description,
        o1_0.orchid_name,
        o1_0.orchid_url 
    from
        orchids o1_0 
    join
        orchid_categories oc1_0 
            on oc1_0.category_id=o1_0.category_id 
    where
        o1_0.orchid_id=?
2026-10-07T08:26:11.399+07:00 DEBUG 30088 --- [           main] org.hibernate.SQL                        : 
    select
        o1_0.orchid_id,
        o1_0.is_attractive,
        o1_0.is_natural,
        o1_0.category_id,
        o1_0.orchid_description,
        o1_0.orchid_name,
        o1_0.orchid_url 
    from
        orchids o1_0
Hibernate: 
    select
        o1_0.orchid_id,
        o1_0.is_attractive,
        o1_0.is_natural,
        o1_0.category_id,
        o1_0.orchid_description,
        o1_0.orchid_name,
        o1_0.orchid_url 
    from
        orchids o1_0
2026-10-07T08:26:11.406+07:00 DEBUG 30088 --- [           main] org.hibernate.SQL                        : 
    select
        oc1_0.category_id,
        oc1_0.category_name 
    from
        orchid_categories oc1_0 
    where
        oc1_0.category_id=?
Hibernate: 
    select
        oc1_0.category_id,
        oc1_0.category_name 
    from
        orchid_categories oc1_0 
    where
        oc1_0.category_id=?
2026-10-07T08:26:11.408+07:00 DEBUG 30088 --- [           main] org.hibernate.SQL                        : 
    delete 
    from
        orchids 
    where
        orchid_id=?
Hibernate: 
    delete 
    from
        orchids 
    where
        orchid_id=?
2026-10-07T08:26:11.409+07:00 DEBUG 30088 --- [           main] org.hibernate.SQL                        : 
    select
        oc1_0.category_id,
        oc1_0.category_name 
    from
        orchid_categories oc1_0
Hibernate: 
    select
        oc1_0.category_id,
        oc1_0.category_name 
    from
        orchid_categories oc1_0
2026-10-07T08:26:11.409+07:00 DEBUG 30088 --- [           main] org.hibernate.SQL                        : 
    delete 
    from
        orchid_categories 
    where
        category_id=?
Hibernate: 
    delete 
    from
        orchid_categories 
    where
        category_id=?
2026-10-07T08:26:11.409+07:00 DEBUG 30088 --- [           main] org.hibernate.SQL                        : 
    delete 
    from
        orchid_categories 
    where
        category_id=?
Hibernate: 
    delete 
    from
        orchid_categories 
    where
        category_id=?
2026-10-07T08:26:11.409+07:00 DEBUG 30088 --- [           main] org.hibernate.SQL                        : 
    insert 
    into
        orchid_categories
        (category_name, category_id) 
    values
        (?, default)
Hibernate: 
    insert 
    into
        orchid_categories
        (category_name, category_id) 
    values
        (?, default)
2026-10-07T08:26:11.409+07:00 DEBUG 30088 --- [           main] org.hibernate.SQL                        : 
    insert 
    into
        orchid_categories
        (category_name, category_id) 
    values
        (?, default)
Hibernate: 
    insert 
    into
        orchid_categories
        (category_name, category_id) 
    values
        (?, default)
2026-10-07T08:26:11.419+07:00 DEBUG 30088 --- [           main] o.s.w.s.handler.SimpleUrlHandlerMapping  : Mapped to ResourceHttpRequestHandler [classpath [META-INF/resources/], classpath [resources/], classpath [static/], classpath [public/], ServletContext [/]]
2026-10-07T08:26:11.422+07:00 DEBUG 30088 --- [           main] o.s.w.s.r.ResourceHttpRequestHandler     : Resource not found
2026-10-07T08:26:11.424+07:00 DEBUG 30088 --- [           main] .w.s.m.s.DefaultHandlerExceptionResolver : Resolved [org.springframework.web.servlet.resource.NoResourceFoundException: No static resource api/orchid.]
2026-10-07T08:26:11.424+07:00 DEBUG 30088 --- [           main] s.w.s.m.m.a.RequestMappingHandlerMapping : Mapped to com.example.orchid.controllers.OrchidController#getAll(String)
2026-10-07T08:26:11.429+07:00 DEBUG 30088 --- [           main] org.hibernate.SQL                        : 
    select
        o1_0.orchid_id,
        o1_0.is_attractive,
        o1_0.is_natural,
        o1_0.category_id,
        o1_0.orchid_description,
        o1_0.orchid_name,
        o1_0.orchid_url 
    from
        orchids o1_0
Hibernate: 
    select
        o1_0.orchid_id,
        o1_0.is_attractive,
        o1_0.is_natural,
        o1_0.category_id,
        o1_0.orchid_description,
        o1_0.orchid_name,
        o1_0.orchid_url 
    from
        orchids o1_0
2026-10-07T08:26:11.429+07:00 DEBUG 30088 --- [           main] m.m.a.RequestResponseBodyMethodProcessor : Using 'application/json', given [*/*] and supported [application/json, application/*+json]
2026-10-07T08:26:11.429+07:00 DEBUG 30088 --- [           main] m.m.a.RequestResponseBodyMethodProcessor : Writing [[]]
2026-10-07T08:26:11.443+07:00 DEBUG 30088 --- [           main] org.hibernate.SQL                        : 
    select
        o1_0.orchid_id,
        o1_0.is_attractive,
        o1_0.is_natural,
        o1_0.category_id,
        o1_0.orchid_description,
        o1_0.orchid_name,
        o1_0.orchid_url 
    from
        orchids o1_0
Hibernate: 
    select
        o1_0.orchid_id,
        o1_0.is_attractive,
        o1_0.is_natural,
        o1_0.category_id,
        o1_0.orchid_description,
        o1_0.orchid_name,
        o1_0.orchid_url 
    from
        orchids o1_0
2026-10-07T08:26:11.448+07:00 DEBUG 30088 --- [           main] org.hibernate.SQL                        : 
    select
        oc1_0.category_id,
        oc1_0.category_name 
    from
        orchid_categories oc1_0
Hibernate: 
    select
        oc1_0.category_id,
        oc1_0.category_name 
    from
        orchid_categories oc1_0
2026-10-07T08:26:11.450+07:00 DEBUG 30088 --- [           main] org.hibernate.SQL                        : 
    delete 
    from
        orchid_categories 
    where
        category_id=?
Hibernate: 
    delete 
    from
        orchid_categories 
    where
        category_id=?
2026-10-07T08:26:11.452+07:00 DEBUG 30088 --- [           main] org.hibernate.SQL                        : 
    delete 
    from
        orchid_categories 
    where
        category_id=?
Hibernate: 
    delete 
    from
        orchid_categories 
    where
        category_id=?
2026-10-07T08:26:11.452+07:00 DEBUG 30088 --- [           main] org.hibernate.SQL                        : 
    insert 
    into
        orchid_categories
        (category_name, category_id) 
    values
        (?, default)
Hibernate: 
    insert 
    into
        orchid_categories
        (category_name, category_id) 
    values
        (?, default)
2026-10-07T08:26:11.453+07:00 DEBUG 30088 --- [           main] org.hibernate.SQL                        : 
    insert 
    into
        orchid_categories
        (category_name, category_id) 
    values
        (?, default)
Hibernate: 
    insert 
    into
        orchid_categories
        (category_name, category_id) 
    values
        (?, default)
2026-10-07T08:26:11.453+07:00 DEBUG 30088 --- [           main] s.w.s.m.m.a.RequestMappingHandlerMapping : Mapped to com.example.orchid.controllers.OrchidController#create(Orchid)
2026-10-07T08:26:11.459+07:00 DEBUG 30088 --- [           main] m.m.a.RequestResponseBodyMethodProcessor : Read "application/json;charset=UTF-8" to [com.example.orchid.pojos.Orchid@3f976f43]
2026-10-07T08:26:11.460+07:00 DEBUG 30088 --- [           main] org.hibernate.SQL                        : 
    select
        oc1_0.category_id,
        oc1_0.category_name 
    from
        orchid_categories oc1_0 
    where
        oc1_0.category_id=?
Hibernate: 
    select
        oc1_0.category_id,
        oc1_0.category_name 
    from
        orchid_categories oc1_0 
    where
        oc1_0.category_id=?
2026-10-07T08:26:11.460+07:00 DEBUG 30088 --- [           main] org.hibernate.SQL                        : 
    insert 
    into
        orchids
        (is_attractive, is_natural, category_id, orchid_description, orchid_name, orchid_url, orchid_id) 
    values
        (?, ?, ?, ?, ?, ?, default)
Hibernate: 
    insert 
    into
        orchids
        (is_attractive, is_natural, category_id, orchid_description, orchid_name, orchid_url, orchid_id) 
    values
        (?, ?, ?, ?, ?, ?, default)
2026-10-07T08:26:11.462+07:00 DEBUG 30088 --- [           main] o.s.w.s.m.m.a.HttpEntityMethodProcessor  : Using 'application/json', given [*/*] and supported [application/json, application/*+json]
2026-10-07T08:26:11.462+07:00 DEBUG 30088 --- [           main] o.s.w.s.m.m.a.HttpEntityMethodProcessor  : Writing [com.example.orchid.pojos.Orchid@3f976f43]
2026-10-07T08:26:11.465+07:00 DEBUG 30088 --- [           main] s.w.s.m.m.a.RequestMappingHandlerMapping : Mapped to com.example.orchid.controllers.OrchidController#update(Long, Orchid)
2026-10-07T08:26:11.465+07:00 DEBUG 30088 --- [           main] m.m.a.RequestResponseBodyMethodProcessor : Read "application/json;charset=UTF-8" to [com.example.orchid.pojos.Orchid@3237522b]
2026-10-07T08:26:11.465+07:00 DEBUG 30088 --- [           main] org.hibernate.SQL                        : 
    select
        o1_0.orchid_id,
        o1_0.is_attractive,
        o1_0.is_natural,
        o1_0.category_id,
        oc1_0.category_id,
        oc1_0.category_name,
        o1_0.orchid_description,
        o1_0.orchid_name,
        o1_0.orchid_url 
    from
        orchids o1_0 
    join
        orchid_categories oc1_0 
            on oc1_0.category_id=o1_0.category_id 
    where
        o1_0.orchid_id=?
Hibernate: 
    select
        o1_0.orchid_id,
        o1_0.is_attractive,
        o1_0.is_natural,
        o1_0.category_id,
        oc1_0.category_id,
        oc1_0.category_name,
        o1_0.orchid_description,
        o1_0.orchid_name,
        o1_0.orchid_url 
    from
        orchids o1_0 
    join
        orchid_categories oc1_0 
            on oc1_0.category_id=o1_0.category_id 
    where
        o1_0.orchid_id=?
2026-10-07T08:26:11.465+07:00 DEBUG 30088 --- [           main] org.hibernate.SQL                        : 
    select
        oc1_0.category_id,
        oc1_0.category_name 
    from
        orchid_categories oc1_0 
    where
        oc1_0.category_id=?
Hibernate: 
    select
        oc1_0.category_id,
        oc1_0.category_name 
    from
        orchid_categories oc1_0 
    where
        oc1_0.category_id=?
2026-10-07T08:26:11.470+07:00 DEBUG 30088 --- [           main] org.hibernate.SQL                        : 
    update
        orchids 
    set
        is_attractive=?,
        is_natural=?,
        category_id=?,
        orchid_description=?,
        orchid_name=?,
        orchid_url=? 
    where
        orchid_id=?
Hibernate: 
    update
        orchids 
    set
        is_attractive=?,
        is_natural=?,
        category_id=?,
        orchid_description=?,
        orchid_name=?,
        orchid_url=? 
    where
        orchid_id=?
2026-10-07T08:26:11.470+07:00 DEBUG 30088 --- [           main] o.s.w.s.m.m.a.HttpEntityMethodProcessor  : Using 'application/json', given [*/*] and supported [application/json, application/*+json]
2026-10-07T08:26:11.470+07:00 DEBUG 30088 --- [           main] o.s.w.s.m.m.a.HttpEntityMethodProcessor  : Writing [com.example.orchid.pojos.Orchid@ad7cc49]
2026-10-07T08:26:11.470+07:00 DEBUG 30088 --- [           main] s.w.s.m.m.a.RequestMappingHandlerMapping : Mapped to com.example.orchid.controllers.OrchidController#getById(Long)
2026-10-07T08:26:11.470+07:00 DEBUG 30088 --- [           main] org.hibernate.SQL                        : 
    select
        o1_0.orchid_id,
        o1_0.is_attractive,
        o1_0.is_natural,
        o1_0.category_id,
        oc1_0.category_id,
        oc1_0.category_name,
        o1_0.orchid_description,
        o1_0.orchid_name,
        o1_0.orchid_url 
    from
        orchids o1_0 
    join
        orchid_categories oc1_0 
            on oc1_0.category_id=o1_0.category_id 
    where
        o1_0.orchid_id=?
Hibernate: 
    select
        o1_0.orchid_id,
        o1_0.is_attractive,
        o1_0.is_natural,
        o1_0.category_id,
        oc1_0.category_id,
        oc1_0.category_name,
        o1_0.orchid_description,
        o1_0.orchid_name,
        o1_0.orchid_url 
    from
        orchids o1_0 
    join
        orchid_categories oc1_0 
            on oc1_0.category_id=o1_0.category_id 
    where
        o1_0.orchid_id=?
2026-10-07T08:26:11.470+07:00 DEBUG 30088 --- [           main] o.s.w.s.m.m.a.HttpEntityMethodProcessor  : Using 'application/json', given [*/*] and supported [application/json, application/*+json]
2026-10-07T08:26:11.470+07:00 DEBUG 30088 --- [           main] o.s.w.s.m.m.a.HttpEntityMethodProcessor  : Writing [com.example.orchid.pojos.Orchid@123372f4]
2026-10-07T08:26:11.470+07:00 DEBUG 30088 --- [           main] o.s.jdbc.core.JdbcTemplate               : Executing prepared SQL query
2026-10-07T08:26:11.479+07:00 DEBUG 30088 --- [           main] o.s.jdbc.core.JdbcTemplate               : Executing prepared SQL statement [SELECT category_id FROM orchids WHERE orchid_id = ?]
2026-10-07T08:26:11.490+07:00 DEBUG 30088 --- [           main] org.hibernate.SQL                        : 
    select
        o1_0.orchid_id,
        o1_0.is_attractive,
        o1_0.is_natural,
        o1_0.category_id,
        o1_0.orchid_description,
        o1_0.orchid_name,
        o1_0.orchid_url 
    from
        orchids o1_0
Hibernate: 
    select
        o1_0.orchid_id,
        o1_0.is_attractive,
        o1_0.is_natural,
        o1_0.category_id,
        o1_0.orchid_description,
        o1_0.orchid_name,
        o1_0.orchid_url 
    from
        orchids o1_0
2026-10-07T08:26:11.496+07:00 DEBUG 30088 --- [           main] org.hibernate.SQL                        : 
    select
        oc1_0.category_id,
        oc1_0.category_name 
    from
        orchid_categories oc1_0 
    where
        oc1_0.category_id=?
Hibernate: 
    select
        oc1_0.category_id,
        oc1_0.category_name 
    from
        orchid_categories oc1_0 
    where
        oc1_0.category_id=?
2026-10-07T08:26:11.496+07:00 DEBUG 30088 --- [           main] org.hibernate.SQL                        : 
    delete 
    from
        orchids 
    where
        orchid_id=?
Hibernate: 
    delete 
    from
        orchids 
    where
        orchid_id=?
2026-10-07T08:26:11.496+07:00 DEBUG 30088 --- [           main] org.hibernate.SQL                        : 
    select
        oc1_0.category_id,
        oc1_0.category_name 
    from
        orchid_categories oc1_0
Hibernate: 
    select
        oc1_0.category_id,
        oc1_0.category_name 
    from
        orchid_categories oc1_0
2026-10-07T08:26:11.499+07:00 DEBUG 30088 --- [           main] org.hibernate.SQL                        : 
    delete 
    from
        orchid_categories 
    where
        category_id=?
Hibernate: 
    delete 
    from
        orchid_categories 
    where
        category_id=?
2026-10-07T08:26:11.500+07:00 DEBUG 30088 --- [           main] org.hibernate.SQL                        : 
    delete 
    from
        orchid_categories 
    where
        category_id=?
Hibernate: 
    delete 
    from
        orchid_categories 
    where
        category_id=?
2026-10-07T08:26:11.500+07:00 DEBUG 30088 --- [           main] org.hibernate.SQL                        : 
    insert 
    into
        orchid_categories
        (category_name, category_id) 
    values
        (?, default)
Hibernate: 
    insert 
    into
        orchid_categories
        (category_name, category_id) 
    values
        (?, default)
2026-10-07T08:26:11.503+07:00 DEBUG 30088 --- [           main] org.hibernate.SQL                        : 
    insert 
    into
        orchid_categories
        (category_name, category_id) 
    values
        (?, default)
Hibernate: 
    insert 
    into
        orchid_categories
        (category_name, category_id) 
    values
        (?, default)
2026-10-07T08:26:11.507+07:00 DEBUG 30088 --- [           main] s.w.s.m.m.a.RequestMappingHandlerMapping : Mapped to com.example.orchid.controllers.OrchidController#create(Orchid)
2026-10-07T08:26:11.507+07:00 DEBUG 30088 --- [           main] m.m.a.RequestResponseBodyMethodProcessor : Read "application/json;charset=UTF-8" to [com.example.orchid.pojos.Orchid@605a10fd]
2026-10-07T08:26:11.507+07:00 DEBUG 30088 --- [           main] org.hibernate.SQL                        : 
    select
        oc1_0.category_id,
        oc1_0.category_name 
    from
        orchid_categories oc1_0 
    where
        oc1_0.category_id=?
Hibernate: 
    select
        oc1_0.category_id,
        oc1_0.category_name 
    from
        orchid_categories oc1_0 
    where
        oc1_0.category_id=?
2026-10-07T08:26:11.509+07:00 DEBUG 30088 --- [           main] org.hibernate.SQL                        : 
    insert 
    into
        orchids
        (is_attractive, is_natural, category_id, orchid_description, orchid_name, orchid_url, orchid_id) 
    values
        (?, ?, ?, ?, ?, ?, default)
Hibernate: 
    insert 
    into
        orchids
        (is_attractive, is_natural, category_id, orchid_description, orchid_name, orchid_url, orchid_id) 
    values
        (?, ?, ?, ?, ?, ?, default)
2026-10-07T08:26:11.511+07:00 DEBUG 30088 --- [           main] o.s.w.s.m.m.a.HttpEntityMethodProcessor  : Using 'application/json', given [*/*] and supported [application/json, application/*+json]
2026-10-07T08:26:11.511+07:00 DEBUG 30088 --- [           main] o.s.w.s.m.m.a.HttpEntityMethodProcessor  : Writing [com.example.orchid.pojos.Orchid@605a10fd]
2026-10-07T08:26:11.511+07:00 DEBUG 30088 --- [           main] s.w.s.m.m.a.RequestMappingHandlerMapping : Mapped to com.example.orchid.controllers.OrchidController#delete(Long)
2026-10-07T08:26:11.583+07:00 DEBUG 30088 --- [           main] org.hibernate.SQL                        : 
    select
        count(*) 
    from
        orchids o1_0 
    where
        o1_0.orchid_id=?
Hibernate: 
    select
        count(*) 
    from
        orchids o1_0 
    where
        o1_0.orchid_id=?
2026-10-07T08:26:11.583+07:00 DEBUG 30088 --- [           main] org.hibernate.SQL                        : 
    select
        o1_0.orchid_id,
        o1_0.is_attractive,
        o1_0.is_natural,
        o1_0.category_id,
        oc1_0.category_id,
        oc1_0.category_name,
        o1_0.orchid_description,
        o1_0.orchid_name,
        o1_0.orchid_url 
    from
        orchids o1_0 
    join
        orchid_categories oc1_0 
            on oc1_0.category_id=o1_0.category_id 
    where
        o1_0.orchid_id=?
Hibernate: 
    select
        o1_0.orchid_id,
        o1_0.is_attractive,
        o1_0.is_natural,
        o1_0.category_id,
        oc1_0.category_id,
        oc1_0.category_name,
        o1_0.orchid_description,
        o1_0.orchid_name,
        o1_0.orchid_url 
    from
        orchids o1_0 
    join
        orchid_categories oc1_0 
            on oc1_0.category_id=o1_0.category_id 
    where
        o1_0.orchid_id=?
2026-10-07T08:26:11.593+07:00 DEBUG 30088 --- [           main] org.hibernate.SQL                        : 
    delete 
    from
        orchids 
    where
        orchid_id=?
Hibernate: 
    delete 
    from
        orchids 
    where
        orchid_id=?
2026-10-07T08:26:11.593+07:00 DEBUG 30088 --- [           main] o.s.w.s.m.m.a.HttpEntityMethodProcessor  : Using 'application/json', given [*/*] and supported [application/json, application/*+json]
2026-10-07T08:26:11.593+07:00 DEBUG 30088 --- [           main] o.s.w.s.m.m.a.HttpEntityMethodProcessor  : Nothing to write: null body
2026-10-07T08:26:11.595+07:00 DEBUG 30088 --- [           main] s.w.s.m.m.a.RequestMappingHandlerMapping : Mapped to com.example.orchid.controllers.OrchidController#getById(Long)
2026-10-07T08:26:11.595+07:00 DEBUG 30088 --- [           main] org.hibernate.SQL                        : 
    select
        o1_0.orchid_id,
        o1_0.is_attractive,
        o1_0.is_natural,
        o1_0.category_id,
        oc1_0.category_id,
        oc1_0.category_name,
        o1_0.orchid_description,
        o1_0.orchid_name,
        o1_0.orchid_url 
    from
        orchids o1_0 
    join
        orchid_categories oc1_0 
            on oc1_0.category_id=o1_0.category_id 
    where
        o1_0.orchid_id=?
Hibernate: 
    select
        o1_0.orchid_id,
        o1_0.is_attractive,
        o1_0.is_natural,
        o1_0.category_id,
        oc1_0.category_id,
        oc1_0.category_name,
        o1_0.orchid_description,
        o1_0.orchid_name,
        o1_0.orchid_url 
    from
        orchids o1_0 
    join
        orchid_categories oc1_0 
            on oc1_0.category_id=o1_0.category_id 
    where
        o1_0.orchid_id=?
2026-10-07T08:26:11.595+07:00 DEBUG 30088 --- [           main] o.s.w.s.m.m.a.HttpEntityMethodProcessor  : Using 'application/json', given [*/*] and supported [application/json, application/*+json]
2026-10-07T08:26:11.595+07:00 DEBUG 30088 --- [           main] o.s.w.s.m.m.a.HttpEntityMethodProcessor  : Nothing to write: null body
2026-10-07T08:26:11.595+07:00 DEBUG 30088 --- [           main] org.hibernate.SQL                        : 
    select
        count(*) 
    from
        orchids o1_0 
    where
        o1_0.orchid_id=?
Hibernate: 
    select
        count(*) 
    from
        orchids o1_0 
    where
        o1_0.orchid_id=?
2026-10-07T08:26:11.595+07:00 DEBUG 30088 --- [           main] org.hibernate.SQL                        : 
    select
        count(*) 
    from
        orchid_categories oc1_0
Hibernate: 
    select
        count(*) 
    from
        orchid_categories oc1_0
2026-10-07T08:26:11.604+07:00 DEBUG 30088 --- [           main] org.hibernate.SQL                        : 
    select
        o1_0.orchid_id,
        o1_0.is_attractive,
        o1_0.is_natural,
        o1_0.category_id,
        o1_0.orchid_description,
        o1_0.orchid_name,
        o1_0.orchid_url 
    from
        orchids o1_0
Hibernate: 
    select
        o1_0.orchid_id,
        o1_0.is_attractive,
        o1_0.is_natural,
        o1_0.category_id,
        o1_0.orchid_description,
        o1_0.orchid_name,
        o1_0.orchid_url 
    from
        orchids o1_0
2026-10-07T08:26:11.604+07:00 DEBUG 30088 --- [           main] org.hibernate.SQL                        : 
    select
        oc1_0.category_id,
        oc1_0.category_name 
    from
        orchid_categories oc1_0
Hibernate: 
    select
        oc1_0.category_id,
        oc1_0.category_name 
    from
        orchid_categories oc1_0
2026-10-07T08:26:11.611+07:00 DEBUG 30088 --- [           main] org.hibernate.SQL                        : 
    delete 
    from
        orchid_categories 
    where
        category_id=?
Hibernate: 
    delete 
    from
        orchid_categories 
    where
        category_id=?
2026-10-07T08:26:11.613+07:00 DEBUG 30088 --- [           main] org.hibernate.SQL                        : 
    delete 
    from
        orchid_categories 
    where
        category_id=?
Hibernate: 
    delete 
    from
        orchid_categories 
    where
        category_id=?
2026-10-07T08:26:11.614+07:00 DEBUG 30088 --- [           main] org.hibernate.SQL                        : 
    insert 
    into
        orchid_categories
        (category_name, category_id) 
    values
        (?, default)
Hibernate: 
    insert 
    into
        orchid_categories
        (category_name, category_id) 
    values
        (?, default)
2026-10-07T08:26:11.616+07:00 DEBUG 30088 --- [           main] org.hibernate.SQL                        : 
    insert 
    into
        orchid_categories
        (category_name, category_id) 
    values
        (?, default)
Hibernate: 
    insert 
    into
        orchid_categories
        (category_name, category_id) 
    values
        (?, default)
2026-10-07T08:26:11.616+07:00 DEBUG 30088 --- [           main] s.w.s.m.m.a.RequestMappingHandlerMapping : Mapped to com.example.orchid.controllers.OrchidController#create(Orchid)
2026-10-07T08:26:11.618+07:00 DEBUG 30088 --- [           main] m.m.a.RequestResponseBodyMethodProcessor : Read "application/json;charset=UTF-8" to [com.example.orchid.pojos.Orchid@42d039ef]
2026-10-07T08:26:11.618+07:00 DEBUG 30088 --- [           main] org.hibernate.SQL                        : 
    select
        oc1_0.category_id,
        oc1_0.category_name 
    from
        orchid_categories oc1_0 
    where
        oc1_0.category_id=?
Hibernate: 
    select
        oc1_0.category_id,
        oc1_0.category_name 
    from
        orchid_categories oc1_0 
    where
        oc1_0.category_id=?
2026-10-07T08:26:11.618+07:00 DEBUG 30088 --- [           main] org.hibernate.SQL                        : 
    insert 
    into
        orchids
        (is_attractive, is_natural, category_id, orchid_description, orchid_name, orchid_url, orchid_id) 
    values
        (?, ?, ?, ?, ?, ?, default)
Hibernate: 
    insert 
    into
        orchids
        (is_attractive, is_natural, category_id, orchid_description, orchid_name, orchid_url, orchid_id) 
    values
        (?, ?, ?, ?, ?, ?, default)
2026-10-07T08:26:11.618+07:00 DEBUG 30088 --- [           main] o.s.w.s.m.m.a.HttpEntityMethodProcessor  : Using 'application/json', given [*/*] and supported [application/json, application/*+json]
2026-10-07T08:26:11.623+07:00 DEBUG 30088 --- [           main] o.s.w.s.m.m.a.HttpEntityMethodProcessor  : Writing [com.example.orchid.pojos.Orchid@42d039ef]
2026-10-07T08:26:11.624+07:00 DEBUG 30088 --- [           main] s.w.s.m.m.a.RequestMappingHandlerMapping : Mapped to com.example.orchid.controllers.OrchidController#getAll(String)
2026-10-07T08:26:11.627+07:00 DEBUG 30088 --- [           main] org.hibernate.SQL                        : 
    select
        o1_0.orchid_id,
        o1_0.is_attractive,
        o1_0.is_natural,
        o1_0.category_id,
        o1_0.orchid_description,
        o1_0.orchid_name,
        o1_0.orchid_url 
    from
        orchids o1_0
Hibernate: 
    select
        o1_0.orchid_id,
        o1_0.is_attractive,
        o1_0.is_natural,
        o1_0.category_id,
        o1_0.orchid_description,
        o1_0.orchid_name,
        o1_0.orchid_url 
    from
        orchids o1_0
2026-10-07T08:26:11.627+07:00 DEBUG 30088 --- [           main] org.hibernate.SQL                        : 
    select
        oc1_0.category_id,
        oc1_0.category_name 
    from
        orchid_categories oc1_0 
    where
        oc1_0.category_id=?
Hibernate: 
    select
        oc1_0.category_id,
        oc1_0.category_name 
    from
        orchid_categories oc1_0 
    where
        oc1_0.category_id=?
2026-10-07T08:26:11.629+07:00 DEBUG 30088 --- [           main] m.m.a.RequestResponseBodyMethodProcessor : Using 'application/json', given [*/*] and supported [application/json, application/*+json]
2026-10-07T08:26:11.629+07:00 DEBUG 30088 --- [           main] m.m.a.RequestResponseBodyMethodProcessor : Writing [[com.example.orchid.pojos.Orchid@65c2610f]]
2026-10-07T08:26:11.636+07:00 DEBUG 30088 --- [           main] org.hibernate.SQL                        : 
    select
        o1_0.orchid_id,
        o1_0.is_attractive,
        o1_0.is_natural,
        o1_0.category_id,
        o1_0.orchid_description,
        o1_0.orchid_name,
        o1_0.orchid_url 
    from
        orchids o1_0
Hibernate: 
    select
        o1_0.orchid_id,
        o1_0.is_attractive,
        o1_0.is_natural,
        o1_0.category_id,
        o1_0.orchid_description,
        o1_0.orchid_name,
        o1_0.orchid_url 
    from
        orchids o1_0
2026-10-07T08:26:11.636+07:00 DEBUG 30088 --- [           main] org.hibernate.SQL                        : 
    select
        oc1_0.category_id,
        oc1_0.category_name 
    from
        orchid_categories oc1_0 
    where
        oc1_0.category_id=?
Hibernate: 
    select
        oc1_0.category_id,
        oc1_0.category_name 
    from
        orchid_categories oc1_0 
    where
        oc1_0.category_id=?
2026-10-07T08:26:11.641+07:00 DEBUG 30088 --- [           main] org.hibernate.SQL                        : 
    delete 
    from
        orchids 
    where
        orchid_id=?
Hibernate: 
    delete 
    from
        orchids 
    where
        orchid_id=?
2026-10-07T08:26:11.643+07:00 DEBUG 30088 --- [           main] org.hibernate.SQL                        : 
    select
        oc1_0.category_id,
        oc1_0.category_name 
    from
        orchid_categories oc1_0
Hibernate: 
    select
        oc1_0.category_id,
        oc1_0.category_name 
    from
        orchid_categories oc1_0
2026-10-07T08:26:11.644+07:00 DEBUG 30088 --- [           main] org.hibernate.SQL                        : 
    delete 
    from
        orchid_categories 
    where
        category_id=?
Hibernate: 
    delete 
    from
        orchid_categories 
    where
        category_id=?
2026-10-07T08:26:11.645+07:00 DEBUG 30088 --- [           main] org.hibernate.SQL                        : 
    delete 
    from
        orchid_categories 
    where
        category_id=?
Hibernate: 
    delete 
    from
        orchid_categories 
    where
        category_id=?
2026-10-07T08:26:11.645+07:00 DEBUG 30088 --- [           main] org.hibernate.SQL                        : 
    insert 
    into
        orchid_categories
        (category_name, category_id) 
    values
        (?, default)
Hibernate: 
    insert 
    into
        orchid_categories
        (category_name, category_id) 
    values
        (?, default)
2026-10-07T08:26:11.645+07:00 DEBUG 30088 --- [           main] org.hibernate.SQL                        : 
    insert 
    into
        orchid_categories
        (category_name, category_id) 
    values
        (?, default)
Hibernate: 
    insert 
    into
        orchid_categories
        (category_name, category_id) 
    values
        (?, default)
2026-10-07T08:26:11.645+07:00 DEBUG 30088 --- [           main] s.w.s.m.m.a.RequestMappingHandlerMapping : Mapped to com.example.orchid.controllers.OrchidController#create(Orchid)
2026-10-07T08:26:11.650+07:00 DEBUG 30088 --- [           main] m.m.a.RequestResponseBodyMethodProcessor : Read "application/json;charset=UTF-8" to [com.example.orchid.pojos.Orchid@58965e17]
2026-10-07T08:26:11.650+07:00 DEBUG 30088 --- [           main] org.hibernate.SQL                        : 
    select
        oc1_0.category_id,
        oc1_0.category_name 
    from
        orchid_categories oc1_0 
    where
        oc1_0.category_id=?
Hibernate: 
    select
        oc1_0.category_id,
        oc1_0.category_name 
    from
        orchid_categories oc1_0 
    where
        oc1_0.category_id=?
2026-10-07T08:26:11.650+07:00 DEBUG 30088 --- [           main] org.hibernate.SQL                        : 
    insert 
    into
        orchids
        (is_attractive, is_natural, category_id, orchid_description, orchid_name, orchid_url, orchid_id) 
    values
        (?, ?, ?, ?, ?, ?, default)
Hibernate: 
    insert 
    into
        orchids
        (is_attractive, is_natural, category_id, orchid_description, orchid_name, orchid_url, orchid_id) 
    values
        (?, ?, ?, ?, ?, ?, default)
2026-10-07T08:26:11.654+07:00 DEBUG 30088 --- [           main] o.s.w.s.m.m.a.HttpEntityMethodProcessor  : Using 'application/json', given [*/*] and supported [application/json, application/*+json]
2026-10-07T08:26:11.654+07:00 DEBUG 30088 --- [           main] o.s.w.s.m.m.a.HttpEntityMethodProcessor  : Writing [com.example.orchid.pojos.Orchid@58965e17]
2026-10-07T08:26:11.655+07:00 DEBUG 30088 --- [           main] s.w.s.m.m.a.RequestMappingHandlerMapping : Mapped to com.example.orchid.controllers.OrchidController#create(Orchid)
2026-10-07T08:26:11.655+07:00 DEBUG 30088 --- [           main] m.m.a.RequestResponseBodyMethodProcessor : Read "application/json;charset=UTF-8" to [com.example.orchid.pojos.Orchid@274010fe]
2026-10-07T08:26:11.655+07:00 DEBUG 30088 --- [           main] org.hibernate.SQL                        : 
    select
        oc1_0.category_id,
        oc1_0.category_name 
    from
        orchid_categories oc1_0 
    where
        oc1_0.category_id=?
Hibernate: 
    select
        oc1_0.category_id,
        oc1_0.category_name 
    from
        orchid_categories oc1_0 
    where
        oc1_0.category_id=?
2026-10-07T08:26:11.655+07:00 DEBUG 30088 --- [           main] org.hibernate.SQL                        : 
    insert 
    into
        orchids
        (is_attractive, is_natural, category_id, orchid_description, orchid_name, orchid_url, orchid_id) 
    values
        (?, ?, ?, ?, ?, ?, default)
Hibernate: 
    insert 
    into
        orchids
        (is_attractive, is_natural, category_id, orchid_description, orchid_name, orchid_url, orchid_id) 
    values
        (?, ?, ?, ?, ?, ?, default)
2026-10-07T08:26:11.659+07:00 DEBUG 30088 --- [           main] o.s.w.s.m.m.a.HttpEntityMethodProcessor  : Using 'application/json', given [*/*] and supported [application/json, application/*+json]
2026-10-07T08:26:11.659+07:00 DEBUG 30088 --- [           main] o.s.w.s.m.m.a.HttpEntityMethodProcessor  : Writing [com.example.orchid.pojos.Orchid@274010fe]
2026-10-07T08:26:11.660+07:00 DEBUG 30088 --- [           main] s.w.s.m.m.a.RequestMappingHandlerMapping : Mapped to com.example.orchid.controllers.OrchidController#getAll(String)
2026-10-07T08:26:11.675+07:00 DEBUG 30088 --- [           main] org.hibernate.SQL                        : 
    select
        o1_0.orchid_id,
        o1_0.is_attractive,
        o1_0.is_natural,
        o1_0.category_id,
        o1_0.orchid_description,
        o1_0.orchid_name,
        o1_0.orchid_url 
    from
        orchids o1_0 
    where
        upper(o1_0.orchid_name) like upper(?) escape '\'
Hibernate: 
    select
        o1_0.orchid_id,
        o1_0.is_attractive,
        o1_0.is_natural,
        o1_0.category_id,
        o1_0.orchid_description,
        o1_0.orchid_name,
        o1_0.orchid_url 
    from
        orchids o1_0 
    where
        upper(o1_0.orchid_name) like upper(?) escape '\'
2026-10-07T08:26:11.678+07:00 DEBUG 30088 --- [           main] org.hibernate.SQL                        : 
    select
        oc1_0.category_id,
        oc1_0.category_name 
    from
        orchid_categories oc1_0 
    where
        oc1_0.category_id=?
Hibernate: 
    select
        oc1_0.category_id,
        oc1_0.category_name 
    from
        orchid_categories oc1_0 
    where
        oc1_0.category_id=?
2026-10-07T08:26:11.680+07:00 DEBUG 30088 --- [           main] m.m.a.RequestResponseBodyMethodProcessor : Using 'application/json', given [*/*] and supported [application/json, application/*+json]
2026-10-07T08:26:11.680+07:00 DEBUG 30088 --- [           main] m.m.a.RequestResponseBodyMethodProcessor : Writing [[com.example.orchid.pojos.Orchid@6c30efc4]]
2026-10-07T08:26:11.680+07:00 DEBUG 30088 --- [           main] s.w.s.m.m.a.RequestMappingHandlerMapping : Mapped to com.example.orchid.controllers.OrchidController#getAll(String)
2026-10-07T08:26:11.685+07:00 DEBUG 30088 --- [           main] org.hibernate.SQL                        : 
    select
        o1_0.orchid_id,
        o1_0.is_attractive,
        o1_0.is_natural,
        o1_0.category_id,
        o1_0.orchid_description,
        o1_0.orchid_name,
        o1_0.orchid_url 
    from
        orchids o1_0 
    where
        upper(o1_0.orchid_name) like upper(?) escape '\'
Hibernate: 
    select
        o1_0.orchid_id,
        o1_0.is_attractive,
        o1_0.is_natural,
        o1_0.category_id,
        o1_0.orchid_description,
        o1_0.orchid_name,
        o1_0.orchid_url 
    from
        orchids o1_0 
    where
        upper(o1_0.orchid_name) like upper(?) escape '\'
2026-10-07T08:26:11.686+07:00 DEBUG 30088 --- [           main] m.m.a.RequestResponseBodyMethodProcessor : Using 'application/json', given [*/*] and supported [application/json, application/*+json]
2026-10-07T08:26:11.686+07:00 DEBUG 30088 --- [           main] m.m.a.RequestResponseBodyMethodProcessor : Writing [[]]
2026-10-07T08:26:11.686+07:00 DEBUG 30088 --- [           main] s.w.s.m.m.a.RequestMappingHandlerMapping : Mapped to com.example.orchid.controllers.OrchidController#getAll(String)
2026-10-07T08:26:11.690+07:00 DEBUG 30088 --- [           main] org.hibernate.SQL                        : 
    select
        o1_0.orchid_id,
        o1_0.is_attractive,
        o1_0.is_natural,
        o1_0.category_id,
        o1_0.orchid_description,
        o1_0.orchid_name,
        o1_0.orchid_url 
    from
        orchids o1_0
Hibernate: 
    select
        o1_0.orchid_id,
        o1_0.is_attractive,
        o1_0.is_natural,
        o1_0.category_id,
        o1_0.orchid_description,
        o1_0.orchid_name,
        o1_0.orchid_url 
    from
        orchids o1_0
2026-10-07T08:26:11.690+07:00 DEBUG 30088 --- [           main] org.hibernate.SQL                        : 
    select
        oc1_0.category_id,
        oc1_0.category_name 
    from
        orchid_categories oc1_0 
    where
        oc1_0.category_id=?
Hibernate: 
    select
        oc1_0.category_id,
        oc1_0.category_name 
    from
        orchid_categories oc1_0 
    where
        oc1_0.category_id=?
2026-10-07T08:26:11.690+07:00 DEBUG 30088 --- [           main] org.hibernate.SQL                        : 
    select
        oc1_0.category_id,
        oc1_0.category_name 
    from
        orchid_categories oc1_0 
    where
        oc1_0.category_id=?
Hibernate: 
    select
        oc1_0.category_id,
        oc1_0.category_name 
    from
        orchid_categories oc1_0 
    where
        oc1_0.category_id=?
2026-10-07T08:26:11.690+07:00 DEBUG 30088 --- [           main] m.m.a.RequestResponseBodyMethodProcessor : Using 'application/json', given [*/*] and supported [application/json, application/*+json]
2026-10-07T08:26:11.690+07:00 DEBUG 30088 --- [           main] m.m.a.RequestResponseBodyMethodProcessor : Writing [[com.example.orchid.pojos.Orchid@7ff48cdc, com.example.orchid.pojos.Orchid@806a687]]
2026-10-07T08:26:11.699+07:00 DEBUG 30088 --- [           main] org.hibernate.SQL                        : 
    select
        o1_0.orchid_id,
        o1_0.is_attractive,
        o1_0.is_natural,
        o1_0.category_id,
        o1_0.orchid_description,
        o1_0.orchid_name,
        o1_0.orchid_url 
    from
        orchids o1_0
Hibernate: 
    select
        o1_0.orchid_id,
        o1_0.is_attractive,
        o1_0.is_natural,
        o1_0.category_id,
        o1_0.orchid_description,
        o1_0.orchid_name,
        o1_0.orchid_url 
    from
        orchids o1_0
2026-10-07T08:26:11.699+07:00 DEBUG 30088 --- [           main] org.hibernate.SQL                        : 
    select
        oc1_0.category_id,
        oc1_0.category_name 
    from
        orchid_categories oc1_0 
    where
        oc1_0.category_id=?
Hibernate: 
    select
        oc1_0.category_id,
        oc1_0.category_name 
    from
        orchid_categories oc1_0 
    where
        oc1_0.category_id=?
2026-10-07T08:26:11.699+07:00 DEBUG 30088 --- [           main] org.hibernate.SQL                        : 
    select
        oc1_0.category_id,
        oc1_0.category_name 
    from
        orchid_categories oc1_0 
    where
        oc1_0.category_id=?
Hibernate: 
    select
        oc1_0.category_id,
        oc1_0.category_name 
    from
        orchid_categories oc1_0 
    where
        oc1_0.category_id=?
2026-10-07T08:26:11.699+07:00 DEBUG 30088 --- [           main] org.hibernate.SQL                        : 
    delete 
    from
        orchids 
    where
        orchid_id=?
Hibernate: 
    delete 
    from
        orchids 
    where
        orchid_id=?
2026-10-07T08:26:11.699+07:00 DEBUG 30088 --- [           main] org.hibernate.SQL                        : 
    delete 
    from
        orchids 
    where
        orchid_id=?
Hibernate: 
    delete 
    from
        orchids 
    where
        orchid_id=?
2026-10-07T08:26:11.705+07:00 DEBUG 30088 --- [           main] org.hibernate.SQL                        : 
    select
        oc1_0.category_id,
        oc1_0.category_name 
    from
        orchid_categories oc1_0
Hibernate: 
    select
        oc1_0.category_id,
        oc1_0.category_name 
    from
        orchid_categories oc1_0
2026-10-07T08:26:11.706+07:00 DEBUG 30088 --- [           main] org.hibernate.SQL                        : 
    delete 
    from
        orchid_categories 
    where
        category_id=?
Hibernate: 
    delete 
    from
        orchid_categories 
    where
        category_id=?
2026-10-07T08:26:11.706+07:00 DEBUG 30088 --- [           main] org.hibernate.SQL                        : 
    delete 
    from
        orchid_categories 
    where
        category_id=?
Hibernate: 
    delete 
    from
        orchid_categories 
    where
        category_id=?
2026-10-07T08:26:11.706+07:00 DEBUG 30088 --- [           main] org.hibernate.SQL                        : 
    insert 
    into
        orchid_categories
        (category_name, category_id) 
    values
        (?, default)
Hibernate: 
    insert 
    into
        orchid_categories
        (category_name, category_id) 
    values
        (?, default)
2026-10-07T08:26:11.706+07:00 DEBUG 30088 --- [           main] org.hibernate.SQL                        : 
    insert 
    into
        orchid_categories
        (category_name, category_id) 
    values
        (?, default)
Hibernate: 
    insert 
    into
        orchid_categories
        (category_name, category_id) 
    values
        (?, default)
2026-10-07T08:26:11.706+07:00 DEBUG 30088 --- [           main] s.w.s.m.m.a.RequestMappingHandlerMapping : Mapped to com.example.orchid.controllers.OrchidController#delete(Long)
2026-10-07T08:26:11.706+07:00 DEBUG 30088 --- [           main] org.hibernate.SQL                        : 
    select
        count(*) 
    from
        orchids o1_0 
    where
        o1_0.orchid_id=?
Hibernate: 
    select
        count(*) 
    from
        orchids o1_0 
    where
        o1_0.orchid_id=?
2026-10-07T08:26:11.706+07:00 DEBUG 30088 --- [           main] o.s.w.s.m.m.a.HttpEntityMethodProcessor  : Using 'application/json', given [*/*] and supported [application/json, application/*+json]
2026-10-07T08:26:11.706+07:00 DEBUG 30088 --- [           main] o.s.w.s.m.m.a.HttpEntityMethodProcessor  : Nothing to write: null body
2026-10-07T08:26:11.717+07:00 DEBUG 30088 --- [           main] org.hibernate.SQL                        : 
    select
        o1_0.orchid_id,
        o1_0.is_attractive,
        o1_0.is_natural,
        o1_0.category_id,
        o1_0.orchid_description,
        o1_0.orchid_name,
        o1_0.orchid_url 
    from
        orchids o1_0
Hibernate: 
    select
        o1_0.orchid_id,
        o1_0.is_attractive,
        o1_0.is_natural,
        o1_0.category_id,
        o1_0.orchid_description,
        o1_0.orchid_name,
        o1_0.orchid_url 
    from
        orchids o1_0
2026-10-07T08:26:11.721+07:00 DEBUG 30088 --- [           main] org.hibernate.SQL                        : 
    select
        oc1_0.category_id,
        oc1_0.category_name 
    from
        orchid_categories oc1_0
Hibernate: 
    select
        oc1_0.category_id,
        oc1_0.category_name 
    from
        orchid_categories oc1_0
2026-10-07T08:26:11.723+07:00 DEBUG 30088 --- [           main] org.hibernate.SQL                        : 
    delete 
    from
        orchid_categories 
    where
        category_id=?
Hibernate: 
    delete 
    from
        orchid_categories 
    where
        category_id=?
2026-10-07T08:26:11.723+07:00 DEBUG 30088 --- [           main] org.hibernate.SQL                        : 
    delete 
    from
        orchid_categories 
    where
        category_id=?
Hibernate: 
    delete 
    from
        orchid_categories 
    where
        category_id=?
2026-10-07T08:26:11.723+07:00 DEBUG 30088 --- [           main] org.hibernate.SQL                        : 
    insert 
    into
        orchid_categories
        (category_name, category_id) 
    values
        (?, default)
Hibernate: 
    insert 
    into
        orchid_categories
        (category_name, category_id) 
    values
        (?, default)
2026-10-07T08:26:11.726+07:00 DEBUG 30088 --- [           main] org.hibernate.SQL                        : 
    insert 
    into
        orchid_categories
        (category_name, category_id) 
    values
        (?, default)
Hibernate: 
    insert 
    into
        orchid_categories
        (category_name, category_id) 
    values
        (?, default)
2026-10-07T08:26:11.727+07:00 DEBUG 30088 --- [           main] s.w.s.m.m.a.RequestMappingHandlerMapping : Mapped to com.example.orchid.controllers.OrchidController#create(Orchid)
2026-10-07T08:26:11.727+07:00 DEBUG 30088 --- [           main] m.m.a.RequestResponseBodyMethodProcessor : Read "application/json;charset=UTF-8" to [com.example.orchid.pojos.Orchid@41861964]
2026-10-07T08:26:11.727+07:00 DEBUG 30088 --- [           main] org.hibernate.SQL                        : 
    select
        oc1_0.category_id,
        oc1_0.category_name 
    from
        orchid_categories oc1_0 
    where
        oc1_0.category_id=?
Hibernate: 
    select
        oc1_0.category_id,
        oc1_0.category_name 
    from
        orchid_categories oc1_0 
    where
        oc1_0.category_id=?
2026-10-07T08:26:11.727+07:00 DEBUG 30088 --- [           main] org.hibernate.SQL                        : 
    insert 
    into
        orchids
        (is_attractive, is_natural, category_id, orchid_description, orchid_name, orchid_url, orchid_id) 
    values
        (?, ?, ?, ?, ?, ?, default)
Hibernate: 
    insert 
    into
        orchids
        (is_attractive, is_natural, category_id, orchid_description, orchid_name, orchid_url, orchid_id) 
    values
        (?, ?, ?, ?, ?, ?, default)
2026-10-07T08:26:11.727+07:00 DEBUG 30088 --- [           main] o.s.w.s.m.m.a.HttpEntityMethodProcessor  : Using 'application/json', given [*/*] and supported [application/json, application/*+json]
2026-10-07T08:26:11.727+07:00 DEBUG 30088 --- [           main] o.s.w.s.m.m.a.HttpEntityMethodProcessor  : Writing [com.example.orchid.pojos.Orchid@41861964]
2026-10-07T08:26:11.727+07:00 DEBUG 30088 --- [           main] s.w.s.m.m.a.RequestMappingHandlerMapping : Mapped to com.example.orchid.controllers.OrchidController#getById(Long)
2026-10-07T08:26:11.727+07:00 DEBUG 30088 --- [           main] org.hibernate.SQL                        : 
    select
        o1_0.orchid_id,
        o1_0.is_attractive,
        o1_0.is_natural,
        o1_0.category_id,
        oc1_0.category_id,
        oc1_0.category_name,
        o1_0.orchid_description,
        o1_0.orchid_name,
        o1_0.orchid_url 
    from
        orchids o1_0 
    join
        orchid_categories oc1_0 
            on oc1_0.category_id=o1_0.category_id 
    where
        o1_0.orchid_id=?
Hibernate: 
    select
        o1_0.orchid_id,
        o1_0.is_attractive,
        o1_0.is_natural,
        o1_0.category_id,
        oc1_0.category_id,
        oc1_0.category_name,
        o1_0.orchid_description,
        o1_0.orchid_name,
        o1_0.orchid_url 
    from
        orchids o1_0 
    join
        orchid_categories oc1_0 
            on oc1_0.category_id=o1_0.category_id 
    where
        o1_0.orchid_id=?
2026-10-07T08:26:11.737+07:00 DEBUG 30088 --- [           main] o.s.w.s.m.m.a.HttpEntityMethodProcessor  : Using 'application/json', given [*/*] and supported [application/json, application/*+json]
2026-10-07T08:26:11.737+07:00 DEBUG 30088 --- [           main] o.s.w.s.m.m.a.HttpEntityMethodProcessor  : Writing [com.example.orchid.pojos.Orchid@54b1ba04]
2026-10-07T08:26:11.747+07:00 DEBUG 30088 --- [           main] org.hibernate.SQL                        : 
    select
        o1_0.orchid_id,
        o1_0.is_attractive,
        o1_0.is_natural,
        o1_0.category_id,
        o1_0.orchid_description,
        o1_0.orchid_name,
        o1_0.orchid_url 
    from
        orchids o1_0
Hibernate: 
    select
        o1_0.orchid_id,
        o1_0.is_attractive,
        o1_0.is_natural,
        o1_0.category_id,
        o1_0.orchid_description,
        o1_0.orchid_name,
        o1_0.orchid_url 
    from
        orchids o1_0
2026-10-07T08:26:11.747+07:00 DEBUG 30088 --- [           main] org.hibernate.SQL                        : 
    select
        oc1_0.category_id,
        oc1_0.category_name 
    from
        orchid_categories oc1_0 
    where
        oc1_0.category_id=?
Hibernate: 
    select
        oc1_0.category_id,
        oc1_0.category_name 
    from
        orchid_categories oc1_0 
    where
        oc1_0.category_id=?
2026-10-07T08:26:11.753+07:00 DEBUG 30088 --- [           main] org.hibernate.SQL                        : 
    delete 
    from
        orchids 
    where
        orchid_id=?
Hibernate: 
    delete 
    from
        orchids 
    where
        orchid_id=?
2026-10-07T08:26:11.756+07:00 DEBUG 30088 --- [           main] org.hibernate.SQL                        : 
    select
        oc1_0.category_id,
        oc1_0.category_name 
    from
        orchid_categories oc1_0
Hibernate: 
    select
        oc1_0.category_id,
        oc1_0.category_name 
    from
        orchid_categories oc1_0
2026-10-07T08:26:11.757+07:00 DEBUG 30088 --- [           main] org.hibernate.SQL                        : 
    delete 
    from
        orchid_categories 
    where
        category_id=?
Hibernate: 
    delete 
    from
        orchid_categories 
    where
        category_id=?
2026-10-07T08:26:11.757+07:00 DEBUG 30088 --- [           main] org.hibernate.SQL                        : 
    delete 
    from
        orchid_categories 
    where
        category_id=?
Hibernate: 
    delete 
    from
        orchid_categories 
    where
        category_id=?
2026-10-07T08:26:11.758+07:00 DEBUG 30088 --- [           main] org.hibernate.SQL                        : 
    insert 
    into
        orchid_categories
        (category_name, category_id) 
    values
        (?, default)
Hibernate: 
    insert 
    into
        orchid_categories
        (category_name, category_id) 
    values
        (?, default)
2026-10-07T08:26:11.758+07:00 DEBUG 30088 --- [           main] org.hibernate.SQL                        : 
    insert 
    into
        orchid_categories
        (category_name, category_id) 
    values
        (?, default)
Hibernate: 
    insert 
    into
        orchid_categories
        (category_name, category_id) 
    values
        (?, default)
2026-10-07T08:26:11.763+07:00 DEBUG 30088 --- [           main] s.w.s.m.m.a.RequestMappingHandlerMapping : Mapped to com.example.orchid.controllers.OrchidController#create(Orchid)
2026-10-07T08:26:11.763+07:00 DEBUG 30088 --- [           main] m.m.a.RequestResponseBodyMethodProcessor : Read "application/json;charset=UTF-8" to [com.example.orchid.pojos.Orchid@454056b]
2026-10-07T08:26:11.765+07:00 DEBUG 30088 --- [           main] org.hibernate.SQL                        : 
    select
        oc1_0.category_id,
        oc1_0.category_name 
    from
        orchid_categories oc1_0 
    where
        oc1_0.category_id=?
Hibernate: 
    select
        oc1_0.category_id,
        oc1_0.category_name 
    from
        orchid_categories oc1_0 
    where
        oc1_0.category_id=?
2026-10-07T08:26:11.765+07:00 DEBUG 30088 --- [           main] org.hibernate.SQL                        : 
    insert 
    into
        orchids
        (is_attractive, is_natural, category_id, orchid_description, orchid_name, orchid_url, orchid_id) 
    values
        (?, ?, ?, ?, ?, ?, default)
Hibernate: 
    insert 
    into
        orchids
        (is_attractive, is_natural, category_id, orchid_description, orchid_name, orchid_url, orchid_id) 
    values
        (?, ?, ?, ?, ?, ?, default)
2026-10-07T08:26:11.768+07:00 DEBUG 30088 --- [           main] o.s.w.s.m.m.a.HttpEntityMethodProcessor  : Using 'application/json', given [*/*] and supported [application/json, application/*+json]
2026-10-07T08:26:11.768+07:00 DEBUG 30088 --- [           main] o.s.w.s.m.m.a.HttpEntityMethodProcessor  : Writing [com.example.orchid.pojos.Orchid@454056b]
2026-10-07T08:26:11.769+07:00 DEBUG 30088 --- [           main] s.w.s.m.m.a.RequestMappingHandlerMapping : Mapped to com.example.orchid.controllers.OrchidController#getById(Long)
2026-10-07T08:26:11.769+07:00 DEBUG 30088 --- [           main] org.hibernate.SQL                        : 
    select
        o1_0.orchid_id,
        o1_0.is_attractive,
        o1_0.is_natural,
        o1_0.category_id,
        oc1_0.category_id,
        oc1_0.category_name,
        o1_0.orchid_description,
        o1_0.orchid_name,
        o1_0.orchid_url 
    from
        orchids o1_0 
    join
        orchid_categories oc1_0 
            on oc1_0.category_id=o1_0.category_id 
    where
        o1_0.orchid_id=?
Hibernate: 
    select
        o1_0.orchid_id,
        o1_0.is_attractive,
        o1_0.is_natural,
        o1_0.category_id,
        oc1_0.category_id,
        oc1_0.category_name,
        o1_0.orchid_description,
        o1_0.orchid_name,
        o1_0.orchid_url 
    from
        orchids o1_0 
    join
        orchid_categories oc1_0 
            on oc1_0.category_id=o1_0.category_id 
    where
        o1_0.orchid_id=?
2026-10-07T08:26:11.769+07:00 DEBUG 30088 --- [           main] o.s.w.s.m.m.a.HttpEntityMethodProcessor  : Using 'application/json', given [*/*] and supported [application/json, application/*+json]
2026-10-07T08:26:11.769+07:00 DEBUG 30088 --- [           main] o.s.w.s.m.m.a.HttpEntityMethodProcessor  : Writing [com.example.orchid.pojos.Orchid@34723cfe]
2026-10-07T08:26:11.769+07:00 DEBUG 30088 --- [           main] org.hibernate.SQL                        : 
    select
        count(*) 
    from
        orchid_categories oc1_0
Hibernate: 
    select
        count(*) 
    from
        orchid_categories oc1_0
2026-10-07T08:26:11.778+07:00 DEBUG 30088 --- [           main] org.hibernate.SQL                        : 
    select
        o1_0.orchid_id,
        o1_0.is_attractive,
        o1_0.is_natural,
        o1_0.category_id,
        o1_0.orchid_description,
        o1_0.orchid_name,
        o1_0.orchid_url 
    from
        orchids o1_0
Hibernate: 
    select
        o1_0.orchid_id,
        o1_0.is_attractive,
        o1_0.is_natural,
        o1_0.category_id,
        o1_0.orchid_description,
        o1_0.orchid_name,
        o1_0.orchid_url 
    from
        orchids o1_0
2026-10-07T08:26:11.778+07:00 DEBUG 30088 --- [           main] org.hibernate.SQL                        : 
    select
        oc1_0.category_id,
        oc1_0.category_name 
    from
        orchid_categories oc1_0 
    where
        oc1_0.category_id=?
Hibernate: 
    select
        oc1_0.category_id,
        oc1_0.category_name 
    from
        orchid_categories oc1_0 
    where
        oc1_0.category_id=?
2026-10-07T08:26:11.778+07:00 DEBUG 30088 --- [           main] org.hibernate.SQL                        : 
    delete 
    from
        orchids 
    where
        orchid_id=?
Hibernate: 
    delete 
    from
        orchids 
    where
        orchid_id=?
2026-10-07T08:26:11.778+07:00 DEBUG 30088 --- [           main] org.hibernate.SQL                        : 
    select
        oc1_0.category_id,
        oc1_0.category_name 
    from
        orchid_categories oc1_0
Hibernate: 
    select
        oc1_0.category_id,
        oc1_0.category_name 
    from
        orchid_categories oc1_0
2026-10-07T08:26:11.785+07:00 DEBUG 30088 --- [           main] org.hibernate.SQL                        : 
    delete 
    from
        orchid_categories 
    where
        category_id=?
Hibernate: 
    delete 
    from
        orchid_categories 
    where
        category_id=?
2026-10-07T08:26:11.785+07:00 DEBUG 30088 --- [           main] org.hibernate.SQL                        : 
    delete 
    from
        orchid_categories 
    where
        category_id=?
Hibernate: 
    delete 
    from
        orchid_categories 
    where
        category_id=?
2026-10-07T08:26:11.785+07:00 DEBUG 30088 --- [           main] org.hibernate.SQL                        : 
    insert 
    into
        orchid_categories
        (category_name, category_id) 
    values
        (?, default)
Hibernate: 
    insert 
    into
        orchid_categories
        (category_name, category_id) 
    values
        (?, default)
2026-10-07T08:26:11.787+07:00 DEBUG 30088 --- [           main] org.hibernate.SQL                        : 
    insert 
    into
        orchid_categories
        (category_name, category_id) 
    values
        (?, default)
Hibernate: 
    insert 
    into
        orchid_categories
        (category_name, category_id) 
    values
        (?, default)
2026-10-07T08:26:11.788+07:00 DEBUG 30088 --- [           main] s.w.s.m.m.a.RequestMappingHandlerMapping : Mapped to com.example.orchid.controllers.OrchidController#create(Orchid)
2026-10-07T08:26:11.788+07:00 DEBUG 30088 --- [           main] m.m.a.RequestResponseBodyMethodProcessor : Read "application/json;charset=UTF-8" to [com.example.orchid.pojos.Orchid@705606ac]
2026-10-07T08:26:11.788+07:00 DEBUG 30088 --- [           main] org.hibernate.SQL                        : 
    select
        oc1_0.category_id,
        oc1_0.category_name 
    from
        orchid_categories oc1_0 
    where
        oc1_0.category_id=?
Hibernate: 
    select
        oc1_0.category_id,
        oc1_0.category_name 
    from
        orchid_categories oc1_0 
    where
        oc1_0.category_id=?
2026-10-07T08:26:11.788+07:00 DEBUG 30088 --- [           main] org.hibernate.SQL                        : 
    insert 
    into
        orchids
        (is_attractive, is_natural, category_id, orchid_description, orchid_name, orchid_url, orchid_id) 
    values
        (?, ?, ?, ?, ?, ?, default)
Hibernate: 
    insert 
    into
        orchids
        (is_attractive, is_natural, category_id, orchid_description, orchid_name, orchid_url, orchid_id) 
    values
        (?, ?, ?, ?, ?, ?, default)
2026-10-07T08:26:11.793+07:00 DEBUG 30088 --- [           main] o.s.w.s.m.m.a.HttpEntityMethodProcessor  : Using 'application/json', given [*/*] and supported [application/json, application/*+json]
2026-10-07T08:26:11.793+07:00 DEBUG 30088 --- [           main] o.s.w.s.m.m.a.HttpEntityMethodProcessor  : Writing [com.example.orchid.pojos.Orchid@705606ac]
2026-10-07T08:26:11.793+07:00 DEBUG 30088 --- [           main] o.s.jdbc.core.JdbcTemplate               : Executing prepared SQL query
2026-10-07T08:26:11.793+07:00 DEBUG 30088 --- [           main] o.s.jdbc.core.JdbcTemplate               : Executing prepared SQL statement [SELECT category_id FROM orchids WHERE orchid_id = ?]
2026-10-07T08:26:11.798+07:00 DEBUG 30088 --- [           main] org.hibernate.SQL                        : 
    select
        oc1_0.category_id,
        oc1_0.category_name 
    from
        orchid_categories oc1_0 
    where
        oc1_0.category_id=?
Hibernate: 
    select
        oc1_0.category_id,
        oc1_0.category_name 
    from
        orchid_categories oc1_0 
    where
        oc1_0.category_id=?
2026-10-07T08:26:11.808+07:00 DEBUG 30088 --- [           main] org.hibernate.SQL                        : 
    select
        o1_0.category_id,
        o1_0.orchid_id,
        o1_0.is_attractive,
        o1_0.is_natural,
        o1_0.orchid_description,
        o1_0.orchid_name,
        o1_0.orchid_url 
    from
        orchids o1_0 
    where
        o1_0.category_id=?
Hibernate: 
    select
        o1_0.category_id,
        o1_0.orchid_id,
        o1_0.is_attractive,
        o1_0.is_natural,
        o1_0.orchid_description,
        o1_0.orchid_name,
        o1_0.orchid_url 
    from
        orchids o1_0 
    where
        o1_0.category_id=?
2026-10-07T08:26:11.809+07:00 DEBUG 30088 --- [           main] o.s.jdbc.core.JdbcTemplate               : Executing prepared SQL update
2026-10-07T08:26:11.816+07:00 DEBUG 30088 --- [           main] o.s.jdbc.core.JdbcTemplate               : Executing prepared SQL statement [INSERT INTO orchids (orchid_name, category_id) VALUES (?, ?)]
[INFO] Tests run: 16, Failures: 0, Errors: 0, Skipped: 0, Time elapsed: 6.869 s -- in com.example.orchid.OrchidApiTest
[INFO] 
[INFO] Results:
[INFO] 
[INFO] Tests run: 16, Failures: 0, Errors: 0, Skipped: 0
[INFO] 
[INFO] 
[INFO] --- jar:3.4.2:jar (default-jar) @ lab4-orchid-api ---
[INFO] Building jar: H:\Code Java\SBA301\lab4\target\lab4-orchid-api-0.0.1-SNAPSHOT.jar
[INFO] 
[INFO] --- spring-boot:3.4.3:repackage (repackage) @ lab4-orchid-api ---
[INFO] Replacing main artifact H:\Code Java\SBA301\lab4\target\lab4-orchid-api-0.0.1-SNAPSHOT.jar with repackaged archive, adding nested dependencies in BOOT-INF/.
[INFO] The original artifact has been renamed to H:\Code Java\SBA301\lab4\target\lab4-orchid-api-0.0.1-SNAPSHOT.jar.original
[INFO] ------------------------------------------------------------------------
[INFO] BUILD SUCCESS
[INFO] ------------------------------------------------------------------------
[INFO] Total time:  11.917 s
[INFO] Finished at: 2026-10-07T08:26:13+07:00
[INFO] ------------------------------------------------------------------------
